GEO_NAME,COUNT_TOTAL,COUNT_MEN,COUNT_WOMEN,income_groups
St. John's,12495,5675,6815,"Under $10,000 (including loss)"
St. John's,19270,8075,11195,"$10,000 to $19,999"
St. John's,26135,11345,14790,"$20,000 to $29,999"
St. John's,21860,9555,12305,"$30,000 to $39,999"
St. John's,19920,8660,11260,"$40,000 to $49,999"
St. John's,15670,7110,8565,"$50,000 to $59,999"
St. John's,12150,6035,6115,"$60,000 to $69,999"
St. John's,9510,5060,4450,"$70,000 to $79,999"
St. John's,7710,4120,3595,"$80,000 to $89,999"
St. John's,6455,3220,3240,"$90,000 to $99,999"
St. John's,19980,13460,6515,"$100,000 and over"
Grand Falls-Windsor,1005,425,580,"Under $10,000 (including loss)"
Grand Falls-Windsor,1625,625,1005,"$10,000 to $19,999"
Grand Falls-Windsor,2100,850,1250,"$20,000 to $29,999"
Grand Falls-Windsor,1675,765,915,"$30,000 to $39,999"
Grand Falls-Windsor,1460,750,710,"$40,000 to $49,999"
Grand Falls-Windsor,955,495,455,"$50,000 to $59,999"
Grand Falls-Windsor,645,385,265,"$60,000 to $69,999"
Grand Falls-Windsor,425,245,175,"$70,000 to $79,999"
Grand Falls-Windsor,280,165,120,"$80,000 to $89,999"
Grand Falls-Windsor,365,185,180,"$90,000 to $99,999"
Grand Falls-Windsor,775,525,250,"$100,000 and over"
Gander,820,320,505,"Under $10,000 (including loss)"
Gander,1360,515,850,"$10,000 to $19,999"
Gander,1655,665,990,"$20,000 to $29,999"
Gander,1495,625,865,"$30,000 to $39,999"
Gander,1275,585,690,"$40,000 to $49,999"
Gander,930,480,455,"$50,000 to $59,999"
Gander,715,430,285,"$60,000 to $69,999"
Gander,560,360,205,"$70,000 to $79,999"
Gander,420,255,170,"$80,000 to $89,999"
Gander,395,205,190,"$90,000 to $99,999"
Gander,1060,730,330,"$100,000 and over"
Corner Brook,1815,730,1085,"Under $10,000 (including loss)"
Corner Brook,3260,1205,2060,"$10,000 to $19,999"
Corner Brook,4235,1825,2415,"$20,000 to $29,999"
Corner Brook,3655,1675,1980,"$30,000 to $39,999"
Corner Brook,3260,1615,1645,"$40,000 to $49,999"
Corner Brook,2420,1245,1170,"$50,000 to $59,999"
Corner Brook,1485,810,675,"$60,000 to $69,999"
Corner Brook,1065,640,430,"$70,000 to $79,999"
Corner Brook,900,510,390,"$80,000 to $89,999"
Corner Brook,725,365,365,"$90,000 to $99,999"
Corner Brook,1630,1050,580,"$100,000 and over"
Charlottetown,4645,2100,2545,"Under $10,000 (including loss)"
Charlottetown,6790,2935,3855,"$10,000 to $19,999"
Charlottetown,10355,4490,5865,"$20,000 to $29,999"
Charlottetown,9675,4510,5165,"$30,000 to $39,999"
Charlottetown,7920,3770,4155,"$40,000 to $49,999"
Charlottetown,6405,3050,3355,"$50,000 to $59,999"
Charlottetown,4750,2540,2210,"$60,000 to $69,999"
Charlottetown,3235,1745,1485,"$70,000 to $79,999"
Charlottetown,2550,1320,1230,"$80,000 to $89,999"
Charlottetown,1865,870,995,"$90,000 to $99,999"
Charlottetown,4320,2745,1570,"$100,000 and over"
Summerside,1040,455,585,"Under $10,000 (including loss)"
Summerside,1835,685,1150,"$10,000 to $19,999"
Summerside,2745,1145,1600,"$20,000 to $29,999"
Summerside,2380,1080,1300,"$30,000 to $39,999"
Summerside,2150,1040,1115,"$40,000 to $49,999"
Summerside,1525,765,760,"$50,000 to $59,999"
Summerside,980,535,440,"$60,000 to $69,999"
Summerside,610,355,255,"$70,000 to $79,999"
Summerside,390,205,185,"$80,000 to $89,999"
Summerside,305,155,155,"$90,000 to $99,999"
Summerside,580,380,205,"$100,000 and over"
Halifax,30610,13655,16950,"Under $10,000 (including loss)"
Halifax,42110,16965,25145,"$10,000 to $19,999"
Halifax,57700,24390,33310,"$20,000 to $29,999"
Halifax,49810,21655,28155,"$30,000 to $39,999"
Halifax,44225,19560,24670,"$40,000 to $49,999"
Halifax,35475,16960,18520,"$50,000 to $59,999"
Halifax,27905,15080,12830,"$60,000 to $69,999"
Halifax,21980,12535,9445,"$70,000 to $79,999"
Halifax,18695,10590,8105,"$80,000 to $89,999"
Halifax,13835,7805,6030,"$90,000 to $99,999"
Halifax,35890,23670,12220,"$100,000 and over"
Kentville,1915,830,1090,"Under $10,000 (including loss)"
Kentville,3060,1200,1860,"$10,000 to $19,999"
Kentville,4125,1780,2350,"$20,000 to $29,999"
Kentville,3235,1460,1780,"$30,000 to $39,999"
Kentville,2815,1325,1490,"$40,000 to $49,999"
Kentville,1995,1065,930,"$50,000 to $59,999"
Kentville,1340,800,535,"$60,000 to $69,999"
Kentville,1025,580,445,"$70,000 to $79,999"
Kentville,790,445,345,"$80,000 to $89,999"
Kentville,540,310,235,"$90,000 to $99,999"
Kentville,1170,770,400,"$100,000 and over"
Truro,2920,1260,1660,"Under $10,000 (including loss)"
Truro,5195,2010,3185,"$10,000 to $19,999"
Truro,7010,2945,4065,"$20,000 to $29,999"
Truro,5515,2390,3125,"$30,000 to $39,999"
Truro,4920,2335,2585,"$40,000 to $49,999"
Truro,3475,1870,1600,"$50,000 to $59,999"
Truro,2450,1450,1000,"$60,000 to $69,999"
Truro,1710,1020,685,"$70,000 to $79,999"
Truro,1340,770,570,"$80,000 to $89,999"
Truro,915,505,410,"$90,000 to $99,999"
Truro,2070,1410,660,"$100,000 and over"
New Glasgow,2335,1000,1335,"Under $10,000 (including loss)"
New Glasgow,3805,1415,2395,"$10,000 to $19,999"
New Glasgow,5245,2240,3005,"$20,000 to $29,999"
New Glasgow,3980,1830,2150,"$30,000 to $39,999"
New Glasgow,3715,1735,1975,"$40,000 to $49,999"
New Glasgow,2710,1390,1325,"$50,000 to $59,999"
New Glasgow,1795,1025,775,"$60,000 to $69,999"
New Glasgow,1250,760,490,"$70,000 to $79,999"
New Glasgow,885,515,370,"$80,000 to $89,999"
New Glasgow,685,365,315,"$90,000 to $99,999"
New Glasgow,1515,1060,455,"$100,000 and over"
Cape Breton,6635,3075,3555,"Under $10,000 (including loss)"
Cape Breton,11195,4590,6610,"$10,000 to $19,999"
Cape Breton,16995,7770,9230,"$20,000 to $29,999"
Cape Breton,12405,5880,6520,"$30,000 to $39,999"
Cape Breton,10050,4575,5475,"$40,000 to $49,999"
Cape Breton,7100,3335,3765,"$50,000 to $59,999"
Cape Breton,4795,2535,2260,"$60,000 to $69,999"
Cape Breton,3205,1820,1390,"$70,000 to $79,999"
Cape Breton,2400,1245,1155,"$80,000 to $89,999"
Cape Breton,1965,935,1030,"$90,000 to $99,999"
Cape Breton,3710,2435,1275,"$100,000 and over"
Moncton,9275,4135,5140,"Under $10,000 (including loss)"
Moncton,14510,5515,8990,"$10,000 to $19,999"
Moncton,20150,8810,11340,"$20,000 to $29,999"
Moncton,19060,8870,10190,"$30,000 to $39,999"
Moncton,17400,8160,9235,"$40,000 to $49,999"
Moncton,12830,6670,6160,"$50,000 to $59,999"
Moncton,9045,4945,4095,"$60,000 to $69,999"
Moncton,6515,3755,2760,"$70,000 to $79,999"
Moncton,4975,2580,2395,"$80,000 to $89,999"
Moncton,3455,1895,1565,"$90,000 to $99,999"
Moncton,8425,5700,2725,"$100,000 and over"
Saint John,8400,3560,4840,"Under $10,000 (including loss)"
Saint John,11995,4655,7340,"$10,000 to $19,999"
Saint John,17195,7310,9890,"$20,000 to $29,999"
Saint John,14630,6455,8180,"$30,000 to $39,999"
Saint John,13490,5995,7490,"$40,000 to $49,999"
Saint John,9695,4780,4910,"$50,000 to $59,999"
Saint John,7195,3950,3245,"$60,000 to $69,999"
Saint John,5295,3000,2295,"$70,000 to $79,999"
Saint John,4215,2240,1980,"$80,000 to $89,999"
Saint John,3005,1730,1275,"$90,000 to $99,999"
Saint John,8830,6445,2385,"$100,000 and over"
Fredericton,6785,2975,3815,"Under $10,000 (including loss)"
Fredericton,9760,3825,5935,"$10,000 to $19,999"
Fredericton,13405,5790,7615,"$20,000 to $29,999"
Fredericton,11855,5310,6540,"$30,000 to $39,999"
Fredericton,10955,4940,6015,"$40,000 to $49,999"
Fredericton,8350,4030,4320,"$50,000 to $59,999"
Fredericton,6630,3715,2920,"$60,000 to $69,999"
Fredericton,5180,2900,2275,"$70,000 to $79,999"
Fredericton,4005,2185,1820,"$80,000 to $89,999"
Fredericton,2760,1585,1170,"$90,000 to $99,999"
Fredericton,7235,4940,2295,"$100,000 and over"
Bathurst,2125,840,1285,"Under $10,000 (including loss)"
Bathurst,3680,1375,2305,"$10,000 to $19,999"
Bathurst,5295,2445,2845,"$20,000 to $29,999"
Bathurst,4205,2100,2105,"$30,000 to $39,999"
Bathurst,3555,1775,1780,"$40,000 to $49,999"
Bathurst,2295,1280,1015,"$50,000 to $59,999"
Bathurst,1510,895,620,"$60,000 to $69,999"
Bathurst,1145,640,510,"$70,000 to $79,999"
Bathurst,870,455,410,"$80,000 to $89,999"
Bathurst,530,295,235,"$90,000 to $99,999"
Bathurst,1210,885,325,"$100,000 and over"
Miramichi,1715,700,1020,"Under $10,000 (including loss)"
Miramichi,2925,1175,1750,"$10,000 to $19,999"
Miramichi,4235,1785,2450,"$20,000 to $29,999"
Miramichi,3490,1650,1845,"$30,000 to $39,999"
Miramichi,2960,1460,1505,"$40,000 to $49,999"
Miramichi,2155,1125,1030,"$50,000 to $59,999"
Miramichi,1545,870,675,"$60,000 to $69,999"
Miramichi,1110,600,510,"$70,000 to $79,999"
Miramichi,895,445,445,"$80,000 to $89,999"
Miramichi,610,340,270,"$90,000 to $99,999"
Miramichi,1045,720,320,"$100,000 and over"
Campbellton,865,365,495,"Under $10,000 (including loss)"
Campbellton,1615,670,945,"$10,000 to $19,999"
Campbellton,2275,1025,1255,"$20,000 to $29,999"
Campbellton,1960,995,965,"$30,000 to $39,999"
Campbellton,1475,735,745,"$40,000 to $49,999"
Campbellton,860,415,440,"$50,000 to $59,999"
Campbellton,565,300,270,"$60,000 to $69,999"
Campbellton,380,225,155,"$70,000 to $79,999"
Campbellton,305,155,150,"$80,000 to $89,999"
Campbellton,190,100,95,"$90,000 to $99,999"
Campbellton,375,250,120,"$100,000 and over"
Campbellton (New Brunswick part),790,340,450,"Under $10,000 (including loss)"
Campbellton (New Brunswick part),1405,570,835,"$10,000 to $19,999"
Campbellton (New Brunswick part),2030,900,1125,"$20,000 to $29,999"
Campbellton (New Brunswick part),1795,910,890,"$30,000 to $39,999"
Campbellton (New Brunswick part),1350,670,680,"$40,000 to $49,999"
Campbellton (New Brunswick part),755,370,385,"$50,000 to $59,999"
Campbellton (New Brunswick part),500,260,235,"$60,000 to $69,999"
Campbellton (New Brunswick part),350,210,145,"$70,000 to $79,999"
Campbellton (New Brunswick part),270,140,130,"$80,000 to $89,999"
Campbellton (New Brunswick part),180,85,95,"$90,000 to $99,999"
Campbellton (New Brunswick part),340,230,110,"$100,000 and over"
Campbellton (Quebec part),80,30,50,"Under $10,000 (including loss)"
Campbellton (Quebec part),210,95,110,"$10,000 to $19,999"
Campbellton (Quebec part),250,120,125,"$20,000 to $29,999"
Campbellton (Quebec part),165,90,75,"$30,000 to $39,999"
Campbellton (Quebec part),125,65,60,"$40,000 to $49,999"
Campbellton (Quebec part),105,45,60,"$50,000 to $59,999"
Campbellton (Quebec part),70,35,35,"$60,000 to $69,999"
Campbellton (Quebec part),30,20,10,"$70,000 to $79,999"
Campbellton (Quebec part),30,15,15,"$80,000 to $89,999"
Campbellton (Quebec part),15,10,5,"$90,000 to $99,999"
Campbellton (Quebec part),35,25,10,"$100,000 and over"
Edmundston,1265,470,790,"Under $10,000 (including loss)"
Edmundston,2520,905,1615,"$10,000 to $19,999"
Edmundston,3460,1445,2020,"$20,000 to $29,999"
Edmundston,2830,1315,1510,"$30,000 to $39,999"
Edmundston,2525,1310,1215,"$40,000 to $49,999"
Edmundston,1725,1020,705,"$50,000 to $59,999"
Edmundston,1075,680,390,"$60,000 to $69,999"
Edmundston,820,500,325,"$70,000 to $79,999"
Edmundston,635,325,315,"$80,000 to $89,999"
Edmundston,330,210,120,"$90,000 to $99,999"
Edmundston,865,650,220,"$100,000 and over"
Matane,975,450,525,"Under $10,000 (including loss)"
Matane,2265,855,1410,"$10,000 to $19,999"
Matane,3085,1450,1630,"$20,000 to $29,999"
Matane,2180,1045,1135,"$30,000 to $39,999"
Matane,2130,1110,1020,"$40,000 to $49,999"
Matane,1560,805,755,"$50,000 to $59,999"
Matane,1015,575,445,"$60,000 to $69,999"
Matane,685,435,255,"$70,000 to $79,999"
Matane,515,280,235,"$80,000 to $89,999"
Matane,320,200,125,"$90,000 to $99,999"
Matane,690,490,205,"$100,000 and over"
Rimouski,2500,1085,1420,"Under $10,000 (including loss)"
Rimouski,5415,2220,3190,"$10,000 to $19,999"
Rimouski,7220,3220,3995,"$20,000 to $29,999"
Rimouski,6295,2840,3455,"$30,000 to $39,999"
Rimouski,6100,2895,3210,"$40,000 to $49,999"
Rimouski,4800,2435,2365,"$50,000 to $59,999"
Rimouski,3355,1870,1485,"$60,000 to $69,999"
Rimouski,2340,1310,1030,"$70,000 to $79,999"
Rimouski,1835,985,850,"$80,000 to $89,999"
Rimouski,1285,655,630,"$90,000 to $99,999"
Rimouski,2775,1755,1015,"$100,000 and over"
RiviÃ¨re-du-Loup,1300,505,795,"Under $10,000 (including loss)"
RiviÃ¨re-du-Loup,2915,1145,1770,"$10,000 to $19,999"
RiviÃ¨re-du-Loup,3915,1715,2200,"$20,000 to $29,999"
RiviÃ¨re-du-Loup,3420,1485,1935,"$30,000 to $39,999"
RiviÃ¨re-du-Loup,3420,1695,1725,"$40,000 to $49,999"
RiviÃ¨re-du-Loup,2815,1585,1235,"$50,000 to $59,999"
RiviÃ¨re-du-Loup,1960,1190,775,"$60,000 to $69,999"
RiviÃ¨re-du-Loup,1180,735,450,"$70,000 to $79,999"
RiviÃ¨re-du-Loup,890,505,390,"$80,000 to $89,999"
RiviÃ¨re-du-Loup,600,325,275,"$90,000 to $99,999"
RiviÃ¨re-du-Loup,1340,865,475,"$100,000 and over"
Baie-Comeau,1295,445,845,"Under $10,000 (including loss)"
Baie-Comeau,2360,750,1605,"$10,000 to $19,999"
Baie-Comeau,3130,1210,1915,"$20,000 to $29,999"
Baie-Comeau,2775,1260,1520,"$30,000 to $39,999"
Baie-Comeau,2815,1415,1395,"$40,000 to $49,999"
Baie-Comeau,2350,1265,1090,"$50,000 to $59,999"
Baie-Comeau,1580,930,645,"$60,000 to $69,999"
Baie-Comeau,1165,760,400,"$70,000 to $79,999"
Baie-Comeau,1000,600,400,"$80,000 to $89,999"
Baie-Comeau,805,485,315,"$90,000 to $99,999"
Baie-Comeau,2310,1775,540,"$100,000 and over"
Saguenay,8575,2935,5635,"Under $10,000 (including loss)"
Saguenay,16330,5795,10535,"$10,000 to $19,999"
Saguenay,20855,8430,12425,"$20,000 to $29,999"
Saguenay,17060,7525,9530,"$30,000 to $39,999"
Saguenay,17310,8875,8440,"$40,000 to $49,999"
Saguenay,14615,8480,6135,"$50,000 to $59,999"
Saguenay,10330,6475,3855,"$60,000 to $69,999"
Saguenay,6870,4475,2400,"$70,000 to $79,999"
Saguenay,5300,3130,2175,"$80,000 to $89,999"
Saguenay,3400,2115,1285,"$90,000 to $99,999"
Saguenay,10235,7725,2510,"$100,000 and over"
Alma,1570,535,1040,"Under $10,000 (including loss)"
Alma,3315,1200,2120,"$10,000 to $19,999"
Alma,4050,1675,2380,"$20,000 to $29,999"
Alma,3210,1440,1770,"$30,000 to $39,999"
Alma,3280,1690,1590,"$40,000 to $49,999"
Alma,2640,1485,1160,"$50,000 to $59,999"
Alma,1690,1065,630,"$60,000 to $69,999"
Alma,1165,720,450,"$70,000 to $79,999"
Alma,980,550,430,"$80,000 to $89,999"
Alma,600,385,220,"$90,000 to $99,999"
Alma,1765,1345,425,"$100,000 and over"
Dolbeau-Mistassini,810,285,530,"Under $10,000 (including loss)"
Dolbeau-Mistassini,1760,580,1180,"$10,000 to $19,999"
Dolbeau-Mistassini,2230,955,1280,"$20,000 to $29,999"
Dolbeau-Mistassini,1730,795,935,"$30,000 to $39,999"
Dolbeau-Mistassini,1580,845,730,"$40,000 to $49,999"
Dolbeau-Mistassini,1215,675,535,"$50,000 to $59,999"
Dolbeau-Mistassini,885,600,285,"$60,000 to $69,999"
Dolbeau-Mistassini,610,440,165,"$70,000 to $79,999"
Dolbeau-Mistassini,455,310,150,"$80,000 to $89,999"
Dolbeau-Mistassini,300,195,110,"$90,000 to $99,999"
Dolbeau-Mistassini,615,455,160,"$100,000 and over"
Sept-ÃŽles,1425,600,835,"Under $10,000 (including loss)"
Sept-ÃŽles,2265,825,1445,"$10,000 to $19,999"
Sept-ÃŽles,3015,1220,1795,"$20,000 to $29,999"
Sept-ÃŽles,2640,1195,1445,"$30,000 to $39,999"
Sept-ÃŽles,2540,1195,1345,"$40,000 to $49,999"
Sept-ÃŽles,2225,1035,1195,"$50,000 to $59,999"
Sept-ÃŽles,1670,875,795,"$60,000 to $69,999"
Sept-ÃŽles,1185,680,510,"$70,000 to $79,999"
Sept-ÃŽles,885,465,420,"$80,000 to $89,999"
Sept-ÃŽles,725,410,315,"$90,000 to $99,999"
Sept-ÃŽles,3055,2365,690,"$100,000 and over"
QuÃ©bec,35945,15905,20040,"Under $10,000 (including loss)"
QuÃ©bec,67285,26540,40745,"$10,000 to $19,999"
QuÃ©bec,94355,39785,54570,"$20,000 to $29,999"
QuÃ©bec,85525,38015,47505,"$30,000 to $39,999"
QuÃ©bec,88740,41490,47245,"$40,000 to $49,999"
QuÃ©bec,78375,38880,39490,"$50,000 to $59,999"
QuÃ©bec,59310,32185,27125,"$60,000 to $69,999"
QuÃ©bec,44215,25425,18785,"$70,000 to $79,999"
QuÃ©bec,34825,19650,15180,"$80,000 to $89,999"
QuÃ©bec,24790,13745,11050,"$90,000 to $99,999"
QuÃ©bec,59495,38655,20840,"$100,000 and over"
Sainte-Marie,490,195,300,"Under $10,000 (including loss)"
Sainte-Marie,1125,405,720,"$10,000 to $19,999"
Sainte-Marie,1595,670,925,"$20,000 to $29,999"
Sainte-Marie,1290,595,695,"$30,000 to $39,999"
Sainte-Marie,1410,730,680,"$40,000 to $49,999"
Sainte-Marie,1295,705,585,"$50,000 to $59,999"
Sainte-Marie,880,505,370,"$60,000 to $69,999"
Sainte-Marie,690,415,275,"$70,000 to $79,999"
Sainte-Marie,485,265,215,"$80,000 to $89,999"
Sainte-Marie,280,165,115,"$90,000 to $99,999"
Sainte-Marie,635,440,195,"$100,000 and over"
Saint-Georges,1470,570,900,"Under $10,000 (including loss)"
Saint-Georges,3775,1485,2290,"$10,000 to $19,999"
Saint-Georges,4895,2175,2725,"$20,000 to $29,999"
Saint-Georges,3730,1590,2135,"$30,000 to $39,999"
Saint-Georges,3970,2055,1910,"$40,000 to $49,999"
Saint-Georges,3230,1830,1400,"$50,000 to $59,999"
Saint-Georges,2225,1395,835,"$60,000 to $69,999"
Saint-Georges,1495,945,550,"$70,000 to $79,999"
Saint-Georges,1080,605,480,"$80,000 to $89,999"
Saint-Georges,625,370,255,"$90,000 to $99,999"
Saint-Georges,1385,910,475,"$100,000 and over"
Thetford Mines,1210,510,705,"Under $10,000 (including loss)"
Thetford Mines,3200,1140,2065,"$10,000 to $19,999"
Thetford Mines,4675,2190,2485,"$20,000 to $29,999"
Thetford Mines,3390,1650,1740,"$30,000 to $39,999"
Thetford Mines,3140,1655,1490,"$40,000 to $49,999"
Thetford Mines,2495,1395,1105,"$50,000 to $59,999"
Thetford Mines,1445,890,555,"$60,000 to $69,999"
Thetford Mines,870,530,335,"$70,000 to $79,999"
Thetford Mines,655,345,315,"$80,000 to $89,999"
Thetford Mines,415,200,215,"$90,000 to $99,999"
Thetford Mines,865,565,300,"$100,000 and over"
Sherbrooke,11185,5070,6110,"Under $10,000 (including loss)"
Sherbrooke,23315,9700,13615,"$10,000 to $19,999"
Sherbrooke,32535,14290,18240,"$20,000 to $29,999"
Sherbrooke,25020,11825,13200,"$30,000 to $39,999"
Sherbrooke,23715,11435,12280,"$40,000 to $49,999"
Sherbrooke,18275,9335,8945,"$50,000 to $59,999"
Sherbrooke,12995,7020,5980,"$60,000 to $69,999"
Sherbrooke,9320,5250,4075,"$70,000 to $79,999"
Sherbrooke,7045,3910,3135,"$80,000 to $89,999"
Sherbrooke,4795,2645,2150,"$90,000 to $99,999"
Sherbrooke,11930,7705,4225,"$100,000 and over"
Cowansville,660,295,370,"Under $10,000 (including loss)"
Cowansville,1655,640,1010,"$10,000 to $19,999"
Cowansville,2340,1025,1315,"$20,000 to $29,999"
Cowansville,1875,815,1055,"$30,000 to $39,999"
Cowansville,1740,830,905,"$40,000 to $49,999"
Cowansville,1170,605,565,"$50,000 to $59,999"
Cowansville,780,475,305,"$60,000 to $69,999"
Cowansville,545,345,205,"$70,000 to $79,999"
Cowansville,360,215,145,"$80,000 to $89,999"
Cowansville,200,125,75,"$90,000 to $99,999"
Cowansville,495,310,180,"$100,000 and over"
Victoriaville,2210,960,1250,"Under $10,000 (including loss)"
Victoriaville,5830,2275,3555,"$10,000 to $19,999"
Victoriaville,7820,3475,4345,"$20,000 to $29,999"
Victoriaville,5995,2730,3260,"$30,000 to $39,999"
Victoriaville,5880,2815,3065,"$40,000 to $49,999"
Victoriaville,4520,2420,2100,"$50,000 to $59,999"
Victoriaville,2945,1715,1235,"$60,000 to $69,999"
Victoriaville,2030,1245,785,"$70,000 to $79,999"
Victoriaville,1440,810,635,"$80,000 to $89,999"
Victoriaville,820,460,360,"$90,000 to $99,999"
Victoriaville,2050,1355,700,"$100,000 and over"
Trois-RiviÃ¨res,7890,3295,4600,"Under $10,000 (including loss)"
Trois-RiviÃ¨res,16945,6435,10510,"$10,000 to $19,999"
Trois-RiviÃ¨res,23395,10125,13270,"$20,000 to $29,999"
Trois-RiviÃ¨res,18320,8530,9790,"$30,000 to $39,999"
Trois-RiviÃ¨res,17305,8555,8750,"$40,000 to $49,999"
Trois-RiviÃ¨res,13600,6935,6660,"$50,000 to $59,999"
Trois-RiviÃ¨res,9140,5105,4030,"$60,000 to $69,999"
Trois-RiviÃ¨res,6375,3760,2615,"$70,000 to $79,999"
Trois-RiviÃ¨res,4705,2700,2005,"$80,000 to $89,999"
Trois-RiviÃ¨res,3230,1965,1265,"$90,000 to $99,999"
Trois-RiviÃ¨res,8520,5915,2605,"$100,000 and over"
Shawinigan,2515,965,1545,"Under $10,000 (including loss)"
Shawinigan,6105,2415,3690,"$10,000 to $19,999"
Shawinigan,8415,3595,4815,"$20,000 to $29,999"
Shawinigan,6175,2920,3255,"$30,000 to $39,999"
Shawinigan,5775,3090,2685,"$40,000 to $49,999"
Shawinigan,4175,2420,1755,"$50,000 to $59,999"
Shawinigan,2535,1465,1075,"$60,000 to $69,999"
Shawinigan,1635,1055,575,"$70,000 to $79,999"
Shawinigan,1080,620,460,"$80,000 to $89,999"
Shawinigan,765,445,315,"$90,000 to $99,999"
Shawinigan,1545,1080,460,"$100,000 and over"
Drummondville,4765,2070,2695,"Under $10,000 (including loss)"
Drummondville,10670,4215,6455,"$10,000 to $19,999"
Drummondville,14780,6680,8100,"$20,000 to $29,999"
Drummondville,11305,5240,6065,"$30,000 to $39,999"
Drummondville,11410,5750,5655,"$40,000 to $49,999"
Drummondville,8920,4825,4090,"$50,000 to $59,999"
Drummondville,6010,3595,2415,"$60,000 to $69,999"
Drummondville,3820,2405,1415,"$70,000 to $79,999"
Drummondville,2845,1670,1180,"$80,000 to $89,999"
Drummondville,1695,1005,690,"$90,000 to $99,999"
Drummondville,3800,2585,1210,"$100,000 and over"
Granby,4240,1800,2445,"Under $10,000 (including loss)"
Granby,8915,3445,5465,"$10,000 to $19,999"
Granby,12740,5550,7190,"$20,000 to $29,999"
Granby,10290,4705,5590,"$30,000 to $39,999"
Granby,9865,4865,5000,"$40,000 to $49,999"
Granby,7855,4025,3830,"$50,000 to $59,999"
Granby,5595,3175,2415,"$60,000 to $69,999"
Granby,3875,2285,1585,"$70,000 to $79,999"
Granby,2710,1585,1120,"$80,000 to $89,999"
Granby,1785,1055,735,"$90,000 to $99,999"
Granby,4780,3235,1540,"$100,000 and over"
Saint-Hyacinthe,2670,1155,1510,"Under $10,000 (including loss)"
Saint-Hyacinthe,6075,2435,3640,"$10,000 to $19,999"
Saint-Hyacinthe,8920,3810,5110,"$20,000 to $29,999"
Saint-Hyacinthe,6915,3065,3850,"$30,000 to $39,999"
Saint-Hyacinthe,6680,3275,3405,"$40,000 to $49,999"
Saint-Hyacinthe,5260,2745,2510,"$50,000 to $59,999"
Saint-Hyacinthe,3625,2020,1605,"$60,000 to $69,999"
Saint-Hyacinthe,2270,1375,900,"$70,000 to $79,999"
Saint-Hyacinthe,1685,955,730,"$80,000 to $89,999"
Saint-Hyacinthe,1070,590,480,"$90,000 to $99,999"
Saint-Hyacinthe,2425,1625,800,"$100,000 and over"
Sorel-Tracy,2215,820,1390,"Under $10,000 (including loss)"
Sorel-Tracy,4980,1785,3190,"$10,000 to $19,999"
Sorel-Tracy,6620,2815,3805,"$20,000 to $29,999"
Sorel-Tracy,4975,2420,2555,"$30,000 to $39,999"
Sorel-Tracy,4280,2170,2110,"$40,000 to $49,999"
Sorel-Tracy,3140,1695,1445,"$50,000 to $59,999"
Sorel-Tracy,2145,1255,890,"$60,000 to $69,999"
Sorel-Tracy,1580,955,630,"$70,000 to $79,999"
Sorel-Tracy,1415,910,505,"$80,000 to $89,999"
Sorel-Tracy,975,670,305,"$90,000 to $99,999"
Sorel-Tracy,2280,1695,590,"$100,000 and over"
Joliette,2425,1015,1405,"Under $10,000 (including loss)"
Joliette,5620,2110,3505,"$10,000 to $19,999"
Joliette,8090,3370,4715,"$20,000 to $29,999"
Joliette,6020,2760,3265,"$30,000 to $39,999"
Joliette,5615,2655,2965,"$40,000 to $49,999"
Joliette,4170,2045,2125,"$50,000 to $59,999"
Joliette,2885,1585,1300,"$60,000 to $69,999"
Joliette,2055,1240,815,"$70,000 to $79,999"
Joliette,1680,940,745,"$80,000 to $89,999"
Joliette,965,565,400,"$90,000 to $99,999"
Joliette,2280,1475,805,"$100,000 and over"
MontrÃ©al,258165,117815,140350,"Under $10,000 (including loss)"
MontrÃ©al,393285,169535,223745,"$10,000 to $19,999"
MontrÃ©al,557005,245620,311380,"$20,000 to $29,999"
MontrÃ©al,438305,201980,236320,"$30,000 to $39,999"
MontrÃ©al,400670,188940,211725,"$40,000 to $49,999"
MontrÃ©al,323005,154060,168950,"$50,000 to $59,999"
MontrÃ©al,242085,123385,118700,"$60,000 to $69,999"
MontrÃ©al,182815,98655,84160,"$70,000 to $79,999"
MontrÃ©al,146245,79225,67020,"$80,000 to $89,999"
MontrÃ©al,103945,57910,46040,"$90,000 to $99,999"
MontrÃ©al,322285,207900,114385,"$100,000 and over"
Salaberry-de-Valleyfield,1940,820,1115,"Under $10,000 (including loss)"
Salaberry-de-Valleyfield,4585,1760,2830,"$10,000 to $19,999"
Salaberry-de-Valleyfield,6510,2635,3875,"$20,000 to $29,999"
Salaberry-de-Valleyfield,5145,2450,2700,"$30,000 to $39,999"
Salaberry-de-Valleyfield,4755,2415,2340,"$40,000 to $49,999"
Salaberry-de-Valleyfield,3600,1890,1705,"$50,000 to $59,999"
Salaberry-de-Valleyfield,2465,1335,1130,"$60,000 to $69,999"
Salaberry-de-Valleyfield,1680,1040,635,"$70,000 to $79,999"
Salaberry-de-Valleyfield,1260,810,455,"$80,000 to $89,999"
Salaberry-de-Valleyfield,830,560,275,"$90,000 to $99,999"
Salaberry-de-Valleyfield,1585,1130,455,"$100,000 and over"
Sainte-Agathe-des-Monts,940,415,525,"Under $10,000 (including loss)"
Sainte-Agathe-des-Monts,2210,940,1275,"$10,000 to $19,999"
Sainte-Agathe-des-Monts,3415,1510,1910,"$20,000 to $29,999"
Sainte-Agathe-des-Monts,2570,1170,1405,"$30,000 to $39,999"
Sainte-Agathe-des-Monts,2170,1040,1130,"$40,000 to $49,999"
Sainte-Agathe-des-Monts,1550,785,760,"$50,000 to $59,999"
Sainte-Agathe-des-Monts,1115,630,490,"$60,000 to $69,999"
Sainte-Agathe-des-Monts,730,370,365,"$70,000 to $79,999"
Sainte-Agathe-des-Monts,560,330,235,"$80,000 to $89,999"
Sainte-Agathe-des-Monts,295,175,120,"$90,000 to $99,999"
Sainte-Agathe-des-Monts,920,610,310,"$100,000 and over"
Lachute,680,275,405,"Under $10,000 (including loss)"
Lachute,1685,695,995,"$10,000 to $19,999"
Lachute,2405,1035,1370,"$20,000 to $29,999"
Lachute,1760,825,935,"$30,000 to $39,999"
Lachute,1400,690,715,"$40,000 to $49,999"
Lachute,1065,560,510,"$50,000 to $59,999"
Lachute,745,435,315,"$60,000 to $69,999"
Lachute,425,265,160,"$70,000 to $79,999"
Lachute,325,195,130,"$80,000 to $89,999"
Lachute,210,130,80,"$90,000 to $99,999"
Lachute,405,295,115,"$100,000 and over"
Val-d'Or,1690,675,1010,"Under $10,000 (including loss)"
Val-d'Or,3010,1150,1860,"$10,000 to $19,999"
Val-d'Or,4140,1765,2375,"$20,000 to $29,999"
Val-d'Or,3290,1325,1970,"$30,000 to $39,999"
Val-d'Or,3185,1400,1790,"$40,000 to $49,999"
Val-d'Or,2685,1390,1295,"$50,000 to $59,999"
Val-d'Or,2035,1145,885,"$60,000 to $69,999"
Val-d'Or,1435,905,525,"$70,000 to $79,999"
Val-d'Or,1240,720,520,"$80,000 to $89,999"
Val-d'Or,865,555,310,"$90,000 to $99,999"
Val-d'Or,3265,2605,655,"$100,000 and over"
Amos,955,410,545,"Under $10,000 (including loss)"
Amos,1685,605,1085,"$10,000 to $19,999"
Amos,2210,965,1245,"$20,000 to $29,999"
Amos,1820,705,1110,"$30,000 to $39,999"
Amos,1900,850,1050,"$40,000 to $49,999"
Amos,1610,840,765,"$50,000 to $59,999"
Amos,1205,745,465,"$60,000 to $69,999"
Amos,915,600,310,"$70,000 to $79,999"
Amos,710,425,285,"$80,000 to $89,999"
Amos,485,290,195,"$90,000 to $99,999"
Amos,1305,995,310,"$100,000 and over"
Rouyn-Noranda,2035,820,1210,"Under $10,000 (including loss)"
Rouyn-Noranda,3825,1465,2360,"$10,000 to $19,999"
Rouyn-Noranda,5080,2160,2925,"$20,000 to $29,999"
Rouyn-Noranda,4035,1705,2330,"$30,000 to $39,999"
Rouyn-Noranda,4115,1840,2275,"$40,000 to $49,999"
Rouyn-Noranda,3405,1700,1700,"$50,000 to $59,999"
Rouyn-Noranda,2610,1435,1175,"$60,000 to $69,999"
Rouyn-Noranda,1885,1170,710,"$70,000 to $79,999"
Rouyn-Noranda,1600,955,645,"$80,000 to $89,999"
Rouyn-Noranda,1170,790,380,"$90,000 to $99,999"
Rouyn-Noranda,3750,2940,810,"$100,000 and over"
Cornwall,3325,1410,1915,"Under $10,000 (including loss)"
Cornwall,6990,2870,4115,"$10,000 to $19,999"
Cornwall,8845,3890,4955,"$20,000 to $29,999"
Cornwall,7220,3330,3885,"$30,000 to $39,999"
Cornwall,6375,3105,3270,"$40,000 to $49,999"
Cornwall,4905,2460,2440,"$50,000 to $59,999"
Cornwall,3450,1945,1505,"$60,000 to $69,999"
Cornwall,2220,1305,915,"$70,000 to $79,999"
Cornwall,1520,900,620,"$80,000 to $89,999"
Cornwall,1125,660,460,"$90,000 to $99,999"
Cornwall,2535,1635,905,"$100,000 and over"
Hawkesbury,625,270,350,"Under $10,000 (including loss)"
Hawkesbury,1605,615,990,"$10,000 to $19,999"
Hawkesbury,2210,905,1305,"$20,000 to $29,999"
Hawkesbury,1545,745,800,"$30,000 to $39,999"
Hawkesbury,1250,605,645,"$40,000 to $49,999"
Hawkesbury,875,450,425,"$50,000 to $59,999"
Hawkesbury,590,330,255,"$60,000 to $69,999"
Hawkesbury,435,255,180,"$70,000 to $79,999"
Hawkesbury,245,155,90,"$80,000 to $89,999"
Hawkesbury,180,115,60,"$90,000 to $99,999"
Hawkesbury,365,245,115,"$100,000 and over"
Hawkesbury (Quebec part),105,50,50,"Under $10,000 (including loss)"
Hawkesbury (Quebec part),200,85,120,"$10,000 to $19,999"
Hawkesbury (Quebec part),325,135,190,"$20,000 to $29,999"
Hawkesbury (Quebec part),245,100,140,"$30,000 to $39,999"
Hawkesbury (Quebec part),215,95,115,"$40,000 to $49,999"
Hawkesbury (Quebec part),140,75,60,"$50,000 to $59,999"
Hawkesbury (Quebec part),95,60,40,"$60,000 to $69,999"
Hawkesbury (Quebec part),70,45,30,"$70,000 to $79,999"
Hawkesbury (Quebec part),45,20,25,"$80,000 to $89,999"
Hawkesbury (Quebec part),30,25,10,"$90,000 to $99,999"
Hawkesbury (Quebec part),40,35,5,"$100,000 and over"
Hawkesbury (Ontario part),525,220,305,"Under $10,000 (including loss)"
Hawkesbury (Ontario part),1405,535,875,"$10,000 to $19,999"
Hawkesbury (Ontario part),1890,770,1115,"$20,000 to $29,999"
Hawkesbury (Ontario part),1300,640,655,"$30,000 to $39,999"
Hawkesbury (Ontario part),1040,515,525,"$40,000 to $49,999"
Hawkesbury (Ontario part),735,370,365,"$50,000 to $59,999"
Hawkesbury (Ontario part),495,275,215,"$60,000 to $69,999"
Hawkesbury (Ontario part),370,210,155,"$70,000 to $79,999"
Hawkesbury (Ontario part),205,135,70,"$80,000 to $89,999"
Hawkesbury (Ontario part),145,95,55,"$90,000 to $99,999"
Hawkesbury (Ontario part),325,215,110,"$100,000 and over"
Ottawa - Gatineau,88990,39600,49385,"Under $10,000 (including loss)"
Ottawa - Gatineau,119405,52075,67325,"$10,000 to $19,999"
Ottawa - Gatineau,147010,65185,81830,"$20,000 to $29,999"
Ottawa - Gatineau,122850,54750,68100,"$30,000 to $39,999"
Ottawa - Gatineau,112950,50905,62045,"$40,000 to $49,999"
Ottawa - Gatineau,103025,46800,56220,"$50,000 to $59,999"
Ottawa - Gatineau,93830,44450,49380,"$60,000 to $69,999"
Ottawa - Gatineau,78370,39220,39150,"$70,000 to $79,999"
Ottawa - Gatineau,65490,34290,31205,"$80,000 to $89,999"
Ottawa - Gatineau,52665,27625,25045,"$90,000 to $99,999"
Ottawa - Gatineau,182630,111040,71590,"$100,000 and over"
Ottawa - Gatineau (Quebec part),18150,8570,9580,"Under $10,000 (including loss)"
Ottawa - Gatineau (Quebec part),27965,12450,15515,"$10,000 to $19,999"
Ottawa - Gatineau (Quebec part),36445,16655,19785,"$20,000 to $29,999"
Ottawa - Gatineau (Quebec part),30910,14320,16585,"$30,000 to $39,999"
Ottawa - Gatineau (Quebec part),30705,14395,16315,"$40,000 to $49,999"
Ottawa - Gatineau (Quebec part),28055,13500,14555,"$50,000 to $59,999"
Ottawa - Gatineau (Quebec part),25025,12255,12775,"$60,000 to $69,999"
Ottawa - Gatineau (Quebec part),19735,9820,9915,"$70,000 to $79,999"
Ottawa - Gatineau (Quebec part),15665,7905,7760,"$80,000 to $89,999"
Ottawa - Gatineau (Quebec part),11580,5815,5765,"$90,000 to $99,999"
Ottawa - Gatineau (Quebec part),30685,18215,12470,"$100,000 and over"
Ottawa - Gatineau (Ontario part),70840,31035,39805,"Under $10,000 (including loss)"
Ottawa - Gatineau (Ontario part),91435,39625,51810,"$10,000 to $19,999"
Ottawa - Gatineau (Ontario part),110570,48525,62040,"$20,000 to $29,999"
Ottawa - Gatineau (Ontario part),91940,40430,51510,"$30,000 to $39,999"
Ottawa - Gatineau (Ontario part),82245,36510,45735,"$40,000 to $49,999"
Ottawa - Gatineau (Ontario part),74965,33300,41670,"$50,000 to $59,999"
Ottawa - Gatineau (Ontario part),68800,32200,36600,"$60,000 to $69,999"
Ottawa - Gatineau (Ontario part),58635,29400,29235,"$70,000 to $79,999"
Ottawa - Gatineau (Ontario part),49825,26385,23445,"$80,000 to $89,999"
Ottawa - Gatineau (Ontario part),41080,21805,19275,"$90,000 to $99,999"
Ottawa - Gatineau (Ontario part),151940,92825,59120,"$100,000 and over"
Brockville,1710,790,920,"Under $10,000 (including loss)"
Brockville,3595,1490,2100,"$10,000 to $19,999"
Brockville,4460,1845,2620,"$20,000 to $29,999"
Brockville,3815,1665,2145,"$30,000 to $39,999"
Brockville,3280,1490,1795,"$40,000 to $49,999"
Brockville,2625,1295,1335,"$50,000 to $59,999"
Brockville,1820,940,875,"$60,000 to $69,999"
Brockville,1295,725,570,"$70,000 to $79,999"
Brockville,900,535,365,"$80,000 to $89,999"
Brockville,750,425,325,"$90,000 to $99,999"
Brockville,1935,1195,745,"$100,000 and over"
Pembroke,1290,505,785,"Under $10,000 (including loss)"
Pembroke,2600,1085,1515,"$10,000 to $19,999"
Pembroke,3115,1305,1810,"$20,000 to $29,999"
Pembroke,2575,1075,1505,"$30,000 to $39,999"
Pembroke,2165,995,1175,"$40,000 to $49,999"
Pembroke,1900,940,955,"$50,000 to $59,999"
Pembroke,1480,825,660,"$60,000 to $69,999"
Pembroke,1070,695,380,"$70,000 to $79,999"
Pembroke,750,445,305,"$80,000 to $89,999"
Pembroke,565,370,195,"$90,000 to $99,999"
Pembroke,1445,905,535,"$100,000 and over"
Petawawa,815,250,565,"Under $10,000 (including loss)"
Petawawa,1170,320,850,"$10,000 to $19,999"
Petawawa,1225,340,885,"$20,000 to $29,999"
Petawawa,1160,360,795,"$30,000 to $39,999"
Petawawa,1145,445,705,"$40,000 to $49,999"
Petawawa,1275,705,570,"$50,000 to $59,999"
Petawawa,1635,1160,475,"$60,000 to $69,999"
Petawawa,1540,1115,420,"$70,000 to $79,999"
Petawawa,1060,755,305,"$80,000 to $89,999"
Petawawa,615,440,175,"$90,000 to $99,999"
Petawawa,1305,920,385,"$100,000 and over"
Kingston,10320,4665,5650,"Under $10,000 (including loss)"
Kingston,16470,6885,9580,"$10,000 to $19,999"
Kingston,19995,8455,11545,"$20,000 to $29,999"
Kingston,17770,7790,9985,"$30,000 to $39,999"
Kingston,15570,7070,8500,"$40,000 to $49,999"
Kingston,13050,6010,7045,"$50,000 to $59,999"
Kingston,10830,5430,5400,"$60,000 to $69,999"
Kingston,8410,4585,3830,"$70,000 to $79,999"
Kingston,6265,3540,2725,"$80,000 to $89,999"
Kingston,5050,2765,2280,"$90,000 to $99,999"
Kingston,14780,9040,5740,"$100,000 and over"
Belleville - Quinte West,6070,2530,3540,"Under $10,000 (including loss)"
Belleville - Quinte West,12065,4970,7095,"$10,000 to $19,999"
Belleville - Quinte West,14515,6195,8315,"$20,000 to $29,999"
Belleville - Quinte West,12040,5140,6900,"$30,000 to $39,999"
Belleville - Quinte West,10995,5090,5905,"$40,000 to $49,999"
Belleville - Quinte West,8935,4545,4385,"$50,000 to $59,999"
Belleville - Quinte West,6680,3690,2990,"$60,000 to $69,999"
Belleville - Quinte West,5330,3305,2025,"$70,000 to $79,999"
Belleville - Quinte West,3385,2135,1250,"$80,000 to $89,999"
Belleville - Quinte West,2375,1465,910,"$90,000 to $99,999"
Belleville - Quinte West,6545,4295,2250,"$100,000 and over"
Cobourg,1060,430,625,"Under $10,000 (including loss)"
Cobourg,2120,795,1330,"$10,000 to $19,999"
Cobourg,2690,1050,1645,"$20,000 to $29,999"
Cobourg,2360,960,1395,"$30,000 to $39,999"
Cobourg,2085,930,1160,"$40,000 to $49,999"
Cobourg,1630,795,835,"$50,000 to $59,999"
Cobourg,1215,610,610,"$60,000 to $69,999"
Cobourg,925,510,415,"$70,000 to $79,999"
Cobourg,635,350,285,"$80,000 to $89,999"
Cobourg,515,275,235,"$90,000 to $99,999"
Cobourg,1555,1000,555,"$100,000 and over"
Port Hope,980,405,580,"Under $10,000 (including loss)"
Port Hope,1745,645,1100,"$10,000 to $19,999"
Port Hope,2100,815,1280,"$20,000 to $29,999"
Port Hope,1805,760,1040,"$30,000 to $39,999"
Port Hope,1675,780,895,"$40,000 to $49,999"
Port Hope,1435,720,710,"$50,000 to $59,999"
Port Hope,1090,590,495,"$60,000 to $69,999"
Port Hope,865,510,355,"$70,000 to $79,999"
Port Hope,595,360,235,"$80,000 to $89,999"
Port Hope,475,275,205,"$90,000 to $99,999"
Port Hope,1550,1045,505,"$100,000 and over"
Peterborough,7575,3410,4165,"Under $10,000 (including loss)"
Peterborough,13705,5770,7940,"$10,000 to $19,999"
Peterborough,17400,7185,10220,"$20,000 to $29,999"
Peterborough,14185,6180,8005,"$30,000 to $39,999"
Peterborough,12505,5875,6625,"$40,000 to $49,999"
Peterborough,9570,4690,4880,"$50,000 to $59,999"
Peterborough,7100,3505,3595,"$60,000 to $69,999"
Peterborough,5380,2920,2460,"$70,000 to $79,999"
Peterborough,3910,2205,1705,"$80,000 to $89,999"
Peterborough,3050,1720,1335,"$90,000 to $99,999"
Peterborough,9385,5980,3410,"$100,000 and over"
Kawartha Lakes,4770,2015,2755,"Under $10,000 (including loss)"
Kawartha Lakes,8700,3480,5215,"$10,000 to $19,999"
Kawartha Lakes,10900,4615,6290,"$20,000 to $29,999"
Kawartha Lakes,8605,3695,4910,"$30,000 to $39,999"
Kawartha Lakes,7750,3780,3970,"$40,000 to $49,999"
Kawartha Lakes,6205,3180,3025,"$50,000 to $59,999"
Kawartha Lakes,4540,2550,1990,"$60,000 to $69,999"
Kawartha Lakes,3445,2090,1360,"$70,000 to $79,999"
Kawartha Lakes,2500,1540,955,"$80,000 to $89,999"
Kawartha Lakes,1965,1175,795,"$90,000 to $99,999"
Kawartha Lakes,5560,3765,1795,"$100,000 and over"
Centre Wellington,1600,635,965,"Under $10,000 (including loss)"
Centre Wellington,2545,895,1650,"$10,000 to $19,999"
Centre Wellington,3290,1270,2020,"$20,000 to $29,999"
Centre Wellington,2895,1180,1720,"$30,000 to $39,999"
Centre Wellington,2675,1235,1440,"$40,000 to $49,999"
Centre Wellington,2545,1225,1320,"$50,000 to $59,999"
Centre Wellington,2245,1200,1045,"$60,000 to $69,999"
Centre Wellington,1665,960,705,"$70,000 to $79,999"
Centre Wellington,1140,685,450,"$80,000 to $89,999"
Centre Wellington,1035,610,430,"$90,000 to $99,999"
Centre Wellington,2990,2020,970,"$100,000 and over"
Oshawa,26440,11190,15250,"Under $10,000 (including loss)"
Oshawa,36915,15455,21465,"$10,000 to $19,999"
Oshawa,45570,18865,26705,"$20,000 to $29,999"
Oshawa,37380,15230,22150,"$30,000 to $39,999"
Oshawa,34185,15635,18550,"$40,000 to $49,999"
Oshawa,28760,13695,15070,"$50,000 to $59,999"
Oshawa,22985,11525,11455,"$60,000 to $69,999"
Oshawa,18935,10170,8765,"$70,000 to $79,999"
Oshawa,14755,8365,6395,"$80,000 to $89,999"
Oshawa,12555,7090,5465,"$90,000 to $99,999"
Oshawa,41660,27510,14150,"$100,000 and over"
Ingersoll,760,305,455,"Under $10,000 (including loss)"
Ingersoll,1155,410,745,"$10,000 to $19,999"
Ingersoll,1465,585,880,"$20,000 to $29,999"
Ingersoll,1355,570,785,"$30,000 to $39,999"
Ingersoll,1400,660,740,"$40,000 to $49,999"
Ingersoll,1220,610,615,"$50,000 to $59,999"
Ingersoll,895,510,390,"$60,000 to $69,999"
Ingersoll,735,450,285,"$70,000 to $79,999"
Ingersoll,490,330,165,"$80,000 to $89,999"
Ingersoll,360,220,135,"$90,000 to $99,999"
Ingersoll,860,590,270,"$100,000 and over"
Toronto,481940,211490,270455,"Under $10,000 (including loss)"
Toronto,614440,279500,334940,"$10,000 to $19,999"
Toronto,794350,357805,436545,"$20,000 to $29,999"
Toronto,588250,260235,328015,"$30,000 to $39,999"
Toronto,477560,214465,263100,"$40,000 to $49,999"
Toronto,389850,178905,210945,"$50,000 to $59,999"
Toronto,309625,149380,160240,"$60,000 to $69,999"
Toronto,248620,126215,122405,"$70,000 to $79,999"
Toronto,202345,109695,92655,"$80,000 to $89,999"
Toronto,166190,90860,75335,"$90,000 to $99,999"
Toronto,654785,400125,254655,"$100,000 and over"
Hamilton,50305,21750,28555,"Under $10,000 (including loss)"
Hamilton,73075,30775,42305,"$10,000 to $19,999"
Hamilton,93210,39170,54040,"$20,000 to $29,999"
Hamilton,76555,33160,43395,"$30,000 to $39,999"
Hamilton,66850,30430,36420,"$40,000 to $49,999"
Hamilton,55270,25775,29495,"$50,000 to $59,999"
Hamilton,44940,22545,22400,"$60,000 to $69,999"
Hamilton,35430,19120,16310,"$70,000 to $79,999"
Hamilton,27630,15700,11925,"$80,000 to $89,999"
Hamilton,22535,12790,9745,"$90,000 to $99,999"
Hamilton,76935,49415,27520,"$100,000 and over"
St. Catharines - Niagara,25760,11005,14750,"Under $10,000 (including loss)"
St. Catharines - Niagara,45315,18155,27155,"$10,000 to $19,999"
St. Catharines - Niagara,60785,25270,35515,"$20,000 to $29,999"
St. Catharines - Niagara,53525,23775,29750,"$30,000 to $39,999"
St. Catharines - Niagara,42760,20310,22445,"$40,000 to $49,999"
St. Catharines - Niagara,32500,15990,16515,"$50,000 to $59,999"
St. Catharines - Niagara,23745,13060,10685,"$60,000 to $69,999"
St. Catharines - Niagara,16965,9935,7030,"$70,000 to $79,999"
St. Catharines - Niagara,12180,7410,4770,"$80,000 to $89,999"
St. Catharines - Niagara,9960,5960,3995,"$90,000 to $99,999"
St. Catharines - Niagara,27475,18275,9195,"$100,000 and over"
Kitchener - Cambridge - Waterloo,37945,16370,21580,"Under $10,000 (including loss)"
Kitchener - Cambridge - Waterloo,52140,21845,30295,"$10,000 to $19,999"
Kitchener - Cambridge - Waterloo,66200,28175,38030,"$20,000 to $29,999"
Kitchener - Cambridge - Waterloo,55525,24580,30950,"$30,000 to $39,999"
Kitchener - Cambridge - Waterloo,50035,23165,26875,"$40,000 to $49,999"
Kitchener - Cambridge - Waterloo,43130,21260,21865,"$50,000 to $59,999"
Kitchener - Cambridge - Waterloo,33670,17710,15960,"$60,000 to $69,999"
Kitchener - Cambridge - Waterloo,25610,14805,10805,"$70,000 to $79,999"
Kitchener - Cambridge - Waterloo,19165,11565,7600,"$80,000 to $89,999"
Kitchener - Cambridge - Waterloo,15225,9350,5870,"$90,000 to $99,999"
Kitchener - Cambridge - Waterloo,50465,33755,16710,"$100,000 and over"
Brantford,8300,3595,4710,"Under $10,000 (including loss)"
Brantford,13980,5690,8285,"$10,000 to $19,999"
Brantford,18070,7585,10485,"$20,000 to $29,999"
Brantford,15165,6525,8645,"$30,000 to $39,999"
Brantford,13270,6090,7180,"$40,000 to $49,999"
Brantford,11340,5555,5785,"$50,000 to $59,999"
Brantford,8780,4780,3995,"$60,000 to $69,999"
Brantford,6195,3695,2505,"$70,000 to $79,999"
Brantford,4685,2925,1755,"$80,000 to $89,999"
Brantford,3615,2130,1480,"$90,000 to $99,999"
Brantford,9720,6600,3125,"$100,000 and over"
Woodstock,2510,985,1520,"Under $10,000 (including loss)"
Woodstock,4390,1630,2755,"$10,000 to $19,999"
Woodstock,5595,2230,3365,"$20,000 to $29,999"
Woodstock,4780,2075,2705,"$30,000 to $39,999"
Woodstock,4645,2120,2525,"$40,000 to $49,999"
Woodstock,4095,2060,2030,"$50,000 to $59,999"
Woodstock,3095,1785,1310,"$60,000 to $69,999"
Woodstock,2135,1300,835,"$70,000 to $79,999"
Woodstock,1510,985,525,"$80,000 to $89,999"
Woodstock,1065,715,350,"$90,000 to $99,999"
Woodstock,2695,1830,865,"$100,000 and over"
Tillsonburg,995,385,610,"Under $10,000 (including loss)"
Tillsonburg,1990,705,1280,"$10,000 to $19,999"
Tillsonburg,2720,1095,1630,"$20,000 to $29,999"
Tillsonburg,2045,865,1175,"$30,000 to $39,999"
Tillsonburg,1955,925,1030,"$40,000 to $49,999"
Tillsonburg,1660,895,765,"$50,000 to $59,999"
Tillsonburg,1200,635,565,"$60,000 to $69,999"
Tillsonburg,870,535,330,"$70,000 to $79,999"
Tillsonburg,500,315,190,"$80,000 to $89,999"
Tillsonburg,370,245,125,"$90,000 to $99,999"
Tillsonburg,985,645,335,"$100,000 and over"
Norfolk,4060,1685,2370,"Under $10,000 (including loss)"
Norfolk,7335,2795,4535,"$10,000 to $19,999"
Norfolk,8895,3645,5255,"$20,000 to $29,999"
Norfolk,7145,3125,4015,"$30,000 to $39,999"
Norfolk,6365,3060,3305,"$40,000 to $49,999"
Norfolk,5435,2830,2605,"$50,000 to $59,999"
Norfolk,4115,2335,1785,"$60,000 to $69,999"
Norfolk,3035,1905,1130,"$70,000 to $79,999"
Norfolk,2275,1520,755,"$80,000 to $89,999"
Norfolk,1705,1085,620,"$90,000 to $99,999"
Norfolk,4175,2905,1265,"$100,000 and over"
Guelph,10190,4325,5865,"Under $10,000 (including loss)"
Guelph,14700,6110,8590,"$10,000 to $19,999"
Guelph,18315,7650,10665,"$20,000 to $29,999"
Guelph,15420,6635,8790,"$30,000 to $39,999"
Guelph,14320,6475,7840,"$40,000 to $49,999"
Guelph,13135,6340,6795,"$50,000 to $59,999"
Guelph,10475,5315,5160,"$60,000 to $69,999"
Guelph,7690,4195,3500,"$70,000 to $79,999"
Guelph,6050,3510,2545,"$80,000 to $89,999"
Guelph,4870,2760,2105,"$90,000 to $99,999"
Guelph,16485,10640,5845,"$100,000 and over"
Stratford,1655,690,970,"Under $10,000 (including loss)"
Stratford,3200,1325,1875,"$10,000 to $19,999"
Stratford,4175,1705,2470,"$20,000 to $29,999"
Stratford,3620,1570,2045,"$30,000 to $39,999"
Stratford,3515,1640,1875,"$40,000 to $49,999"
Stratford,3045,1515,1535,"$50,000 to $59,999"
Stratford,2235,1205,1030,"$60,000 to $69,999"
Stratford,1580,870,705,"$70,000 to $79,999"
Stratford,1065,635,430,"$80,000 to $89,999"
Stratford,820,495,330,"$90,000 to $99,999"
Stratford,2185,1345,845,"$100,000 and over"
London,34800,15625,19170,"Under $10,000 (including loss)"
London,53035,23120,29915,"$10,000 to $19,999"
London,67010,29110,37895,"$20,000 to $29,999"
London,56225,24855,31370,"$30,000 to $39,999"
London,50220,23480,26735,"$40,000 to $49,999"
London,41540,20020,21520,"$50,000 to $59,999"
London,31550,16220,15330,"$60,000 to $69,999"
London,23320,12745,10575,"$70,000 to $79,999"
London,16655,9395,7265,"$80,000 to $89,999"
London,12690,7080,5605,"$90,000 to $99,999"
London,39980,24935,15040,"$100,000 and over"
Chatham-Kent,6495,2830,3665,"Under $10,000 (including loss)"
Chatham-Kent,11255,4540,6715,"$10,000 to $19,999"
Chatham-Kent,13920,5910,8005,"$20,000 to $29,999"
Chatham-Kent,12145,5670,6475,"$30,000 to $39,999"
Chatham-Kent,10565,5195,5370,"$40,000 to $49,999"
Chatham-Kent,8135,4150,3990,"$50,000 to $59,999"
Chatham-Kent,5895,3240,2650,"$60,000 to $69,999"
Chatham-Kent,4140,2395,1745,"$70,000 to $79,999"
Chatham-Kent,2865,1775,1090,"$80,000 to $89,999"
Chatham-Kent,2185,1285,900,"$90,000 to $99,999"
Chatham-Kent,5660,3725,1930,"$100,000 and over"
Windsor,28435,11645,16795,"Under $10,000 (including loss)"
Windsor,41290,17135,24160,"$10,000 to $19,999"
Windsor,51515,21610,29900,"$20,000 to $29,999"
Windsor,44530,19260,25270,"$30,000 to $39,999"
Windsor,40335,20335,20000,"$40,000 to $49,999"
Windsor,31840,16445,15400,"$50,000 to $59,999"
Windsor,22765,12250,10510,"$60,000 to $69,999"
Windsor,17020,10110,6910,"$70,000 to $79,999"
Windsor,12420,7715,4710,"$80,000 to $89,999"
Windsor,10220,6005,4220,"$90,000 to $99,999"
Windsor,31470,21135,10335,"$100,000 and over"
Sarnia,6245,2405,3840,"Under $10,000 (including loss)"
Sarnia,9540,3490,6050,"$10,000 to $19,999"
Sarnia,11365,4325,7040,"$20,000 to $29,999"
Sarnia,10025,3950,6075,"$30,000 to $39,999"
Sarnia,8745,3955,4790,"$40,000 to $49,999"
Sarnia,7165,3520,3650,"$50,000 to $59,999"
Sarnia,5685,3205,2480,"$60,000 to $69,999"
Sarnia,4395,2580,1820,"$70,000 to $79,999"
Sarnia,3195,2110,1085,"$80,000 to $89,999"
Sarnia,2700,1655,1045,"$90,000 to $99,999"
Sarnia,9855,7450,2410,"$100,000 and over"
Essa,1390,510,880,"Under $10,000 (including loss)"
Essa,1810,725,1085,"$10,000 to $19,999"
Essa,2255,875,1380,"$20,000 to $29,999"
Essa,1895,760,1140,"$30,000 to $39,999"
Essa,1910,835,1075,"$40,000 to $49,999"
Essa,1690,830,860,"$50,000 to $59,999"
Essa,1660,975,680,"$60,000 to $69,999"
Essa,1365,885,485,"$70,000 to $79,999"
Essa,975,640,335,"$80,000 to $89,999"
Essa,710,480,230,"$90,000 to $99,999"
Essa,1830,1265,565,"$100,000 and over"
Wasaga Beach,1375,555,825,"Under $10,000 (including loss)"
Wasaga Beach,3080,1120,1955,"$10,000 to $19,999"
Wasaga Beach,3970,1680,2295,"$20,000 to $29,999"
Wasaga Beach,3105,1380,1730,"$30,000 to $39,999"
Wasaga Beach,2580,1280,1295,"$40,000 to $49,999"
Wasaga Beach,1865,970,895,"$50,000 to $59,999"
Wasaga Beach,1400,785,615,"$60,000 to $69,999"
Wasaga Beach,1040,630,415,"$70,000 to $79,999"
Wasaga Beach,745,465,275,"$80,000 to $89,999"
Wasaga Beach,565,380,180,"$90,000 to $99,999"
Wasaga Beach,1505,1015,495,"$100,000 and over"
Owen Sound,1850,815,1035,"Under $10,000 (including loss)"
Owen Sound,3635,1555,2075,"$10,000 to $19,999"
Owen Sound,4595,1970,2625,"$20,000 to $29,999"
Owen Sound,3810,1710,2095,"$30,000 to $39,999"
Owen Sound,3275,1505,1765,"$40,000 to $49,999"
Owen Sound,2490,1195,1290,"$50,000 to $59,999"
Owen Sound,1890,980,910,"$60,000 to $69,999"
Owen Sound,1330,745,585,"$70,000 to $79,999"
Owen Sound,865,470,400,"$80,000 to $89,999"
Owen Sound,705,395,315,"$90,000 to $99,999"
Owen Sound,2105,1395,715,"$100,000 and over"
Collingwood,1270,540,730,"Under $10,000 (including loss)"
Collingwood,2325,965,1360,"$10,000 to $19,999"
Collingwood,3350,1415,1935,"$20,000 to $29,999"
Collingwood,2845,1215,1635,"$30,000 to $39,999"
Collingwood,2415,1020,1395,"$40,000 to $49,999"
Collingwood,1885,845,1040,"$50,000 to $59,999"
Collingwood,1475,690,790,"$60,000 to $69,999"
Collingwood,1160,620,545,"$70,000 to $79,999"
Collingwood,815,435,380,"$80,000 to $89,999"
Collingwood,650,365,285,"$90,000 to $99,999"
Collingwood,2385,1470,915,"$100,000 and over"
Barrie,13295,5730,7565,"Under $10,000 (including loss)"
Barrie,19605,8305,11300,"$10,000 to $19,999"
Barrie,25705,10755,14950,"$20,000 to $29,999"
Barrie,21540,8880,12660,"$30,000 to $39,999"
Barrie,18340,8175,10170,"$40,000 to $49,999"
Barrie,15045,7190,7850,"$50,000 to $59,999"
Barrie,12180,6350,5825,"$60,000 to $69,999"
Barrie,9645,5570,4075,"$70,000 to $79,999"
Barrie,7550,4685,2865,"$80,000 to $89,999"
Barrie,6170,3695,2475,"$90,000 to $99,999"
Barrie,18350,12500,5850,"$100,000 and over"
Orillia,1705,725,980,"Under $10,000 (including loss)"
Orillia,3550,1520,2025,"$10,000 to $19,999"
Orillia,5020,2135,2890,"$20,000 to $29,999"
Orillia,4090,1780,2315,"$30,000 to $39,999"
Orillia,3370,1510,1855,"$40,000 to $49,999"
Orillia,2645,1235,1410,"$50,000 to $59,999"
Orillia,1860,905,955,"$60,000 to $69,999"
Orillia,1270,670,595,"$70,000 to $79,999"
Orillia,915,510,405,"$80,000 to $89,999"
Orillia,650,365,285,"$90,000 to $99,999"
Orillia,1730,1050,680,"$100,000 and over"
Midland,1550,670,875,"Under $10,000 (including loss)"
Midland,3185,1355,1835,"$10,000 to $19,999"
Midland,4210,1780,2425,"$20,000 to $29,999"
Midland,3280,1485,1795,"$30,000 to $39,999"
Midland,2575,1215,1360,"$40,000 to $49,999"
Midland,2115,1025,1090,"$50,000 to $59,999"
Midland,1555,820,740,"$60,000 to $69,999"
Midland,1145,655,490,"$70,000 to $79,999"
Midland,705,405,300,"$80,000 to $89,999"
Midland,550,290,260,"$90,000 to $99,999"
Midland,1430,865,570,"$100,000 and over"
North Bay,4070,1690,2380,"Under $10,000 (including loss)"
North Bay,7690,3205,4480,"$10,000 to $19,999"
North Bay,9350,4050,5300,"$20,000 to $29,999"
North Bay,7570,3400,4165,"$30,000 to $39,999"
North Bay,6730,3225,3505,"$40,000 to $49,999"
North Bay,5460,2605,2855,"$50,000 to $59,999"
North Bay,4425,2350,2070,"$60,000 to $69,999"
North Bay,3225,1840,1390,"$70,000 to $79,999"
North Bay,2300,1295,1000,"$80,000 to $89,999"
North Bay,1760,970,790,"$90,000 to $99,999"
North Bay,5270,3385,1890,"$100,000 and over"
Greater Sudbury / Grand Sudbury,9520,3850,5675,"Under $10,000 (including loss)"
Greater Sudbury / Grand Sudbury,15515,6085,9435,"$10,000 to $19,999"
Greater Sudbury / Grand Sudbury,18680,7470,11210,"$20,000 to $29,999"
Greater Sudbury / Grand Sudbury,16605,6915,9685,"$30,000 to $39,999"
Greater Sudbury / Grand Sudbury,16035,7865,8170,"$40,000 to $49,999"
Greater Sudbury / Grand Sudbury,13620,6390,7230,"$50,000 to $59,999"
Greater Sudbury / Grand Sudbury,10715,5410,5300,"$60,000 to $69,999"
Greater Sudbury / Grand Sudbury,8060,4350,3710,"$70,000 to $79,999"
Greater Sudbury / Grand Sudbury,5960,3550,2405,"$80,000 to $89,999"
Greater Sudbury / Grand Sudbury,4930,2940,1990,"$90,000 to $99,999"
Greater Sudbury / Grand Sudbury,17305,12135,5170,"$100,000 and over"
Elliot Lake,720,275,445,"Under $10,000 (including loss)"
Elliot Lake,1755,725,1030,"$10,000 to $19,999"
Elliot Lake,2445,1220,1225,"$20,000 to $29,999"
Elliot Lake,1450,740,705,"$30,000 to $39,999"
Elliot Lake,1080,555,525,"$40,000 to $49,999"
Elliot Lake,705,340,365,"$50,000 to $59,999"
Elliot Lake,475,250,225,"$60,000 to $69,999"
Elliot Lake,330,170,165,"$70,000 to $79,999"
Elliot Lake,200,110,85,"$80,000 to $89,999"
Elliot Lake,145,75,75,"$90,000 to $99,999"
Elliot Lake,475,325,150,"$100,000 and over"
Timmins,2435,1025,1410,"Under $10,000 (including loss)"
Timmins,3945,1600,2345,"$10,000 to $19,999"
Timmins,4805,2065,2740,"$20,000 to $29,999"
Timmins,3830,1690,2145,"$30,000 to $39,999"
Timmins,3445,1510,1935,"$40,000 to $49,999"
Timmins,2940,1355,1585,"$50,000 to $59,999"
Timmins,2410,1155,1260,"$60,000 to $69,999"
Timmins,1810,1035,780,"$70,000 to $79,999"
Timmins,1360,790,565,"$80,000 to $89,999"
Timmins,1230,765,460,"$90,000 to $99,999"
Timmins,4430,3295,1130,"$100,000 and over"
Sault Ste. Marie,4140,1700,2445,"Under $10,000 (including loss)"
Sault Ste. Marie,7880,2910,4970,"$10,000 to $19,999"
Sault Ste. Marie,9595,3725,5865,"$20,000 to $29,999"
Sault Ste. Marie,8945,4195,4745,"$30,000 to $39,999"
Sault Ste. Marie,7760,3675,4080,"$40,000 to $49,999"
Sault Ste. Marie,5745,2705,3040,"$50,000 to $59,999"
Sault Ste. Marie,4350,2255,2095,"$60,000 to $69,999"
Sault Ste. Marie,3415,1920,1495,"$70,000 to $79,999"
Sault Ste. Marie,2905,1855,1055,"$80,000 to $89,999"
Sault Ste. Marie,2370,1515,855,"$90,000 to $99,999"
Sault Ste. Marie,5255,3565,1685,"$100,000 and over"
Thunder Bay,6620,2950,3670,"Under $10,000 (including loss)"
Thunder Bay,11245,4655,6595,"$10,000 to $19,999"
Thunder Bay,14650,6160,8495,"$20,000 to $29,999"
Thunder Bay,13210,5765,7450,"$30,000 to $39,999"
Thunder Bay,12125,5645,6485,"$40,000 to $49,999"
Thunder Bay,10105,4920,5185,"$50,000 to $59,999"
Thunder Bay,8065,4220,3850,"$60,000 to $69,999"
Thunder Bay,6145,3380,2770,"$70,000 to $79,999"
Thunder Bay,4455,2620,1835,"$80,000 to $89,999"
Thunder Bay,3570,2120,1455,"$90,000 to $99,999"
Thunder Bay,9765,6480,3290,"$100,000 and over"
Kenora,755,360,390,"Under $10,000 (including loss)"
Kenora,1245,485,760,"$10,000 to $19,999"
Kenora,1505,620,885,"$20,000 to $29,999"
Kenora,1395,575,820,"$30,000 to $39,999"
Kenora,1330,635,695,"$40,000 to $49,999"
Kenora,1385,665,715,"$50,000 to $59,999"
Kenora,1105,575,530,"$60,000 to $69,999"
Kenora,885,465,415,"$70,000 to $79,999"
Kenora,645,380,260,"$80,000 to $89,999"
Kenora,460,265,190,"$90,000 to $99,999"
Kenora,1340,855,485,"$100,000 and over"
Winnipeg,61495,29410,32085,"Under $10,000 (including loss)"
Winnipeg,71045,30450,40595,"$10,000 to $19,999"
Winnipeg,101725,43620,58110,"$20,000 to $29,999"
Winnipeg,88755,38930,49830,"$30,000 to $39,999"
Winnipeg,80075,37030,43040,"$40,000 to $49,999"
Winnipeg,63080,30970,32110,"$50,000 to $59,999"
Winnipeg,48245,26150,22095,"$60,000 to $69,999"
Winnipeg,35965,20465,15500,"$70,000 to $79,999"
Winnipeg,27455,15830,11630,"$80,000 to $89,999"
Winnipeg,21660,11970,9690,"$90,000 to $99,999"
Winnipeg,56235,37105,19125,"$100,000 and over"
Winkler,2375,920,1455,"Under $10,000 (including loss)"
Winkler,3365,1100,2270,"$10,000 to $19,999"
Winkler,4115,1455,2655,"$20,000 to $29,999"
Winkler,3445,1515,1930,"$30,000 to $39,999"
Winkler,3355,2040,1310,"$40,000 to $49,999"
Winkler,2350,1550,795,"$50,000 to $59,999"
Winkler,1355,900,455,"$60,000 to $69,999"
Winkler,890,625,265,"$70,000 to $79,999"
Winkler,695,450,240,"$80,000 to $89,999"
Winkler,465,275,190,"$90,000 to $99,999"
Winkler,1015,775,240,"$100,000 and over"
Steinbach,1165,420,740,"Under $10,000 (including loss)"
Steinbach,1900,670,1230,"$10,000 to $19,999"
Steinbach,2400,880,1525,"$20,000 to $29,999"
Steinbach,1900,815,1090,"$30,000 to $39,999"
Steinbach,1800,880,920,"$40,000 to $49,999"
Steinbach,1290,765,520,"$50,000 to $59,999"
Steinbach,875,570,300,"$60,000 to $69,999"
Steinbach,580,370,205,"$70,000 to $79,999"
Steinbach,430,300,135,"$80,000 to $89,999"
Steinbach,290,195,90,"$90,000 to $99,999"
Steinbach,685,510,175,"$100,000 and over"
Portage la Prairie,775,360,415,"Under $10,000 (including loss)"
Portage la Prairie,1150,460,690,"$10,000 to $19,999"
Portage la Prairie,1705,730,970,"$20,000 to $29,999"
Portage la Prairie,1465,570,895,"$30,000 to $39,999"
Portage la Prairie,1250,555,700,"$40,000 to $49,999"
Portage la Prairie,1090,550,540,"$50,000 to $59,999"
Portage la Prairie,795,425,370,"$60,000 to $69,999"
Portage la Prairie,520,315,205,"$70,000 to $79,999"
Portage la Prairie,415,240,175,"$80,000 to $89,999"
Portage la Prairie,295,155,140,"$90,000 to $99,999"
Portage la Prairie,605,435,170,"$100,000 and over"
Brandon,3310,1525,1785,"Under $10,000 (including loss)"
Brandon,4600,1810,2790,"$10,000 to $19,999"
Brandon,6240,2490,3750,"$20,000 to $29,999"
Brandon,5715,2335,3375,"$30,000 to $39,999"
Brandon,5360,2405,2955,"$40,000 to $49,999"
Brandon,4315,2215,2100,"$50,000 to $59,999"
Brandon,3170,1815,1350,"$60,000 to $69,999"
Brandon,2315,1435,885,"$70,000 to $79,999"
Brandon,1790,1050,740,"$80,000 to $89,999"
Brandon,1460,825,635,"$90,000 to $99,999"
Brandon,3105,2145,955,"$100,000 and over"
Thompson,920,435,485,"Under $10,000 (including loss)"
Thompson,900,420,480,"$10,000 to $19,999"
Thompson,1085,455,625,"$20,000 to $29,999"
Thompson,980,400,575,"$30,000 to $39,999"
Thompson,960,405,555,"$40,000 to $49,999"
Thompson,775,345,425,"$50,000 to $59,999"
Thompson,635,300,335,"$60,000 to $69,999"
Thompson,450,230,220,"$70,000 to $79,999"
Thompson,395,210,180,"$80,000 to $89,999"
Thompson,390,225,165,"$90,000 to $99,999"
Thompson,1570,1095,470,"$100,000 and over"
Regina,14305,6565,7735,"Under $10,000 (including loss)"
Regina,17615,7560,10055,"$10,000 to $19,999"
Regina,25145,10800,14340,"$20,000 to $29,999"
Regina,22345,9740,12605,"$30,000 to $39,999"
Regina,21325,9510,11820,"$40,000 to $49,999"
Regina,18665,8790,9875,"$50,000 to $59,999"
Regina,15445,7825,7625,"$60,000 to $69,999"
Regina,12505,6725,5780,"$70,000 to $79,999"
Regina,9970,5435,4535,"$80,000 to $89,999"
Regina,8075,4360,3715,"$90,000 to $99,999"
Regina,23795,15205,8590,"$100,000 and over"
Yorkton,1005,470,535,"Under $10,000 (including loss)"
Yorkton,1755,730,1020,"$10,000 to $19,999"
Yorkton,2415,980,1435,"$20,000 to $29,999"
Yorkton,2050,875,1170,"$30,000 to $39,999"
Yorkton,1870,785,1085,"$40,000 to $49,999"
Yorkton,1545,740,805,"$50,000 to $59,999"
Yorkton,1230,665,570,"$60,000 to $69,999"
Yorkton,875,525,350,"$70,000 to $79,999"
Yorkton,630,355,275,"$80,000 to $89,999"
Yorkton,550,310,245,"$90,000 to $99,999"
Yorkton,1425,995,425,"$100,000 and over"
Moose Jaw,1995,870,1130,"Under $10,000 (including loss)"
Moose Jaw,3025,1215,1810,"$10,000 to $19,999"
Moose Jaw,4230,1685,2540,"$20,000 to $29,999"
Moose Jaw,3570,1415,2150,"$30,000 to $39,999"
Moose Jaw,3280,1445,1840,"$40,000 to $49,999"
Moose Jaw,2420,1145,1270,"$50,000 to $59,999"
Moose Jaw,1955,1055,895,"$60,000 to $69,999"
Moose Jaw,1480,885,590,"$70,000 to $79,999"
Moose Jaw,1140,700,440,"$80,000 to $89,999"
Moose Jaw,970,575,400,"$90,000 to $99,999"
Moose Jaw,2770,2075,690,"$100,000 and over"
Swift Current,1110,515,595,"Under $10,000 (including loss)"
Swift Current,1520,615,905,"$10,000 to $19,999"
Swift Current,2065,830,1235,"$20,000 to $29,999"
Swift Current,1830,755,1075,"$30,000 to $39,999"
Swift Current,1835,815,1015,"$40,000 to $49,999"
Swift Current,1460,685,780,"$50,000 to $59,999"
Swift Current,1195,670,525,"$60,000 to $69,999"
Swift Current,855,485,375,"$70,000 to $79,999"
Swift Current,710,410,295,"$80,000 to $89,999"
Swift Current,485,270,220,"$90,000 to $99,999"
Swift Current,1455,1040,420,"$100,000 and over"
Saskatoon,19030,8430,10595,"Under $10,000 (including loss)"
Saskatoon,24655,10455,14200,"$10,000 to $19,999"
Saskatoon,34600,14410,20190,"$20,000 to $29,999"
Saskatoon,30315,12835,17480,"$30,000 to $39,999"
Saskatoon,27005,11855,15150,"$40,000 to $49,999"
Saskatoon,22565,10600,11960,"$50,000 to $59,999"
Saskatoon,18375,9515,8860,"$60,000 to $69,999"
Saskatoon,14760,8095,6660,"$70,000 to $79,999"
Saskatoon,11700,6575,5125,"$80,000 to $89,999"
Saskatoon,9225,5200,4025,"$90,000 to $99,999"
Saskatoon,28285,19425,8860,"$100,000 and over"
North Battleford,1030,505,530,"Under $10,000 (including loss)"
North Battleford,1560,690,875,"$10,000 to $19,999"
North Battleford,2280,1000,1285,"$20,000 to $29,999"
North Battleford,1910,810,1100,"$30,000 to $39,999"
North Battleford,1760,755,1010,"$40,000 to $49,999"
North Battleford,1500,660,840,"$50,000 to $59,999"
North Battleford,1110,540,570,"$60,000 to $69,999"
North Battleford,875,445,425,"$70,000 to $79,999"
North Battleford,625,335,290,"$80,000 to $89,999"
North Battleford,525,280,240,"$90,000 to $99,999"
North Battleford,1220,775,445,"$100,000 and over"
Prince Albert,2715,1400,1310,"Under $10,000 (including loss)"
Prince Albert,3530,1590,1940,"$10,000 to $19,999"
Prince Albert,5060,2235,2825,"$20,000 to $29,999"
Prince Albert,4320,1895,2430,"$30,000 to $39,999"
Prince Albert,3790,1590,2195,"$40,000 to $49,999"
Prince Albert,3180,1475,1710,"$50,000 to $59,999"
Prince Albert,2275,1085,1185,"$60,000 to $69,999"
Prince Albert,1765,930,840,"$70,000 to $79,999"
Prince Albert,1420,750,670,"$80,000 to $89,999"
Prince Albert,1265,595,670,"$90,000 to $99,999"
Prince Albert,2920,1850,1075,"$100,000 and over"
Estevan,730,255,470,"Under $10,000 (including loss)"
Estevan,850,300,550,"$10,000 to $19,999"
Estevan,1205,440,765,"$20,000 to $29,999"
Estevan,1115,395,720,"$30,000 to $39,999"
Estevan,1105,470,635,"$40,000 to $49,999"
Estevan,875,420,455,"$50,000 to $59,999"
Estevan,745,405,345,"$60,000 to $69,999"
Estevan,595,370,225,"$70,000 to $79,999"
Estevan,515,325,190,"$80,000 to $89,999"
Estevan,405,275,130,"$90,000 to $99,999"
Estevan,1630,1360,270,"$100,000 and over"
Weyburn,685,280,410,"Under $10,000 (including loss)"
Weyburn,950,380,575,"$10,000 to $19,999"
Weyburn,1330,515,810,"$20,000 to $29,999"
Weyburn,1140,425,715,"$30,000 to $39,999"
Weyburn,1030,445,585,"$40,000 to $49,999"
Weyburn,910,430,480,"$50,000 to $59,999"
Weyburn,745,395,345,"$60,000 to $69,999"
Weyburn,540,325,215,"$70,000 to $79,999"
Weyburn,440,250,190,"$80,000 to $89,999"
Weyburn,345,215,130,"$90,000 to $99,999"
Weyburn,1075,785,290,"$100,000 and over"
Medicine Hat,4455,1760,2700,"Under $10,000 (including loss)"
Medicine Hat,5945,2105,3835,"$10,000 to $19,999"
Medicine Hat,10125,4205,5920,"$20,000 to $29,999"
Medicine Hat,8070,3305,4770,"$30,000 to $39,999"
Medicine Hat,6795,3015,3780,"$40,000 to $49,999"
Medicine Hat,5280,2605,2675,"$50,000 to $59,999"
Medicine Hat,4390,2430,1955,"$60,000 to $69,999"
Medicine Hat,3225,1930,1290,"$70,000 to $79,999"
Medicine Hat,2385,1510,875,"$80,000 to $89,999"
Medicine Hat,2010,1245,765,"$90,000 to $99,999"
Medicine Hat,6335,4675,1655,"$100,000 and over"
Brooks,915,395,525,"Under $10,000 (including loss)"
Brooks,915,335,575,"$10,000 to $19,999"
Brooks,1395,560,830,"$20,000 to $29,999"
Brooks,1290,560,725,"$30,000 to $39,999"
Brooks,1315,630,685,"$40,000 to $49,999"
Brooks,1760,1070,690,"$50,000 to $59,999"
Brooks,900,520,380,"$60,000 to $69,999"
Brooks,555,340,220,"$70,000 to $79,999"
Brooks,375,255,115,"$80,000 to $89,999"
Brooks,360,235,125,"$90,000 to $99,999"
Brooks,735,570,165,"$100,000 and over"
Lethbridge,6835,2840,4000,"Under $10,000 (including loss)"
Lethbridge,9465,3460,6005,"$10,000 to $19,999"
Lethbridge,15985,6895,9090,"$20,000 to $29,999"
Lethbridge,12280,5250,7030,"$30,000 to $39,999"
Lethbridge,10605,4885,5725,"$40,000 to $49,999"
Lethbridge,8820,4465,4355,"$50,000 to $59,999"
Lethbridge,7180,3955,3225,"$60,000 to $69,999"
Lethbridge,5665,3385,2285,"$70,000 to $79,999"
Lethbridge,4085,2545,1540,"$80,000 to $89,999"
Lethbridge,3295,2015,1285,"$90,000 to $99,999"
Lethbridge,9150,6285,2860,"$100,000 and over"
Okotoks,2015,725,1285,"Under $10,000 (including loss)"
Okotoks,2120,745,1375,"$10,000 to $19,999"
Okotoks,2810,1080,1730,"$20,000 to $29,999"
Okotoks,2365,845,1525,"$30,000 to $39,999"
Okotoks,2020,835,1190,"$40,000 to $49,999"
Okotoks,1765,790,975,"$50,000 to $59,999"
Okotoks,1550,765,780,"$60,000 to $69,999"
Okotoks,1255,650,610,"$70,000 to $79,999"
Okotoks,1065,635,425,"$80,000 to $89,999"
Okotoks,980,585,390,"$90,000 to $99,999"
Okotoks,4140,3105,1035,"$100,000 and over"
High River,880,355,520,"Under $10,000 (including loss)"
High River,1185,360,825,"$10,000 to $19,999"
High River,1925,840,1080,"$20,000 to $29,999"
High River,1445,575,875,"$30,000 to $39,999"
High River,1270,545,725,"$40,000 to $49,999"
High River,1060,495,560,"$50,000 to $59,999"
High River,990,585,400,"$60,000 to $69,999"
High River,645,390,250,"$70,000 to $79,999"
High River,495,330,170,"$80,000 to $89,999"
High River,360,245,120,"$90,000 to $99,999"
High River,925,695,235,"$100,000 and over"
Calgary,100140,41645,58495,"Under $10,000 (including loss)"
Calgary,106820,44760,62065,"$10,000 to $19,999"
Calgary,166180,73885,92300,"$20,000 to $29,999"
Calgary,133325,57335,75990,"$30,000 to $39,999"
Calgary,114630,52445,62190,"$40,000 to $49,999"
Calgary,94680,45050,49625,"$50,000 to $59,999"
Calgary,79280,39620,39660,"$60,000 to $69,999"
Calgary,64120,34290,29830,"$70,000 to $79,999"
Calgary,50195,28215,21985,"$80,000 to $89,999"
Calgary,42215,23615,18600,"$90,000 to $99,999"
Calgary,180445,118530,61915,"$100,000 and over"
Strathmore,895,350,550,"Under $10,000 (including loss)"
Strathmore,1065,340,720,"$10,000 to $19,999"
Strathmore,1725,690,1040,"$20,000 to $29,999"
Strathmore,1320,485,835,"$30,000 to $39,999"
Strathmore,1165,540,620,"$40,000 to $49,999"
Strathmore,870,405,465,"$50,000 to $59,999"
Strathmore,815,445,365,"$60,000 to $69,999"
Strathmore,635,355,280,"$70,000 to $79,999"
Strathmore,520,355,160,"$80,000 to $89,999"
Strathmore,430,260,170,"$90,000 to $99,999"
Strathmore,1280,955,325,"$100,000 and over"
Canmore,870,395,475,"Under $10,000 (including loss)"
Canmore,970,405,565,"$10,000 to $19,999"
Canmore,1460,615,855,"$20,000 to $29,999"
Canmore,1755,735,1015,"$30,000 to $39,999"
Canmore,1480,655,830,"$40,000 to $49,999"
Canmore,1325,595,730,"$50,000 to $59,999"
Canmore,980,520,460,"$60,000 to $69,999"
Canmore,790,405,385,"$70,000 to $79,999"
Canmore,695,380,315,"$80,000 to $89,999"
Canmore,500,270,235,"$90,000 to $99,999"
Canmore,2345,1495,855,"$100,000 and over"
Red Deer,5455,2185,3265,"Under $10,000 (including loss)"
Red Deer,6985,2710,4280,"$10,000 to $19,999"
Red Deer,12640,5365,7275,"$20,000 to $29,999"
Red Deer,10165,4205,5965,"$30,000 to $39,999"
Red Deer,9030,3990,5040,"$40,000 to $49,999"
Red Deer,7270,3475,3795,"$50,000 to $59,999"
Red Deer,5615,2890,2725,"$60,000 to $69,999"
Red Deer,4260,2380,1875,"$70,000 to $79,999"
Red Deer,3275,1955,1320,"$80,000 to $89,999"
Red Deer,2775,1705,1065,"$90,000 to $99,999"
Red Deer,8585,6165,2415,"$100,000 and over"
Sylvan Lake,1010,375,635,"Under $10,000 (including loss)"
Sylvan Lake,1155,370,785,"$10,000 to $19,999"
Sylvan Lake,1775,645,1135,"$20,000 to $29,999"
Sylvan Lake,1520,560,960,"$30,000 to $39,999"
Sylvan Lake,1330,535,800,"$40,000 to $49,999"
Sylvan Lake,1050,490,560,"$50,000 to $59,999"
Sylvan Lake,920,485,435,"$60,000 to $69,999"
Sylvan Lake,735,450,290,"$70,000 to $79,999"
Sylvan Lake,555,375,185,"$80,000 to $89,999"
Sylvan Lake,545,345,200,"$90,000 to $99,999"
Sylvan Lake,1760,1410,350,"$100,000 and over"
Lacombe,835,310,525,"Under $10,000 (including loss)"
Lacombe,1080,375,710,"$10,000 to $19,999"
Lacombe,1595,595,1005,"$20,000 to $29,999"
Lacombe,1205,490,715,"$30,000 to $39,999"
Lacombe,1020,420,600,"$40,000 to $49,999"
Lacombe,905,455,455,"$50,000 to $59,999"
Lacombe,785,400,380,"$60,000 to $69,999"
Lacombe,635,385,250,"$70,000 to $79,999"
Lacombe,465,300,165,"$80,000 to $89,999"
Lacombe,390,230,160,"$90,000 to $99,999"
Lacombe,1110,835,280,"$100,000 and over"
Camrose,920,350,575,"Under $10,000 (including loss)"
Camrose,1425,520,910,"$10,000 to $19,999"
Camrose,2645,1105,1535,"$20,000 to $29,999"
Camrose,2015,845,1165,"$30,000 to $39,999"
Camrose,1695,690,1000,"$40,000 to $49,999"
Camrose,1360,595,770,"$50,000 to $59,999"
Camrose,1055,560,495,"$60,000 to $69,999"
Camrose,830,485,340,"$70,000 to $79,999"
Camrose,590,365,225,"$80,000 to $89,999"
Camrose,540,350,195,"$90,000 to $99,999"
Camrose,1395,980,415,"$100,000 and over"
Edmonton,85855,35570,50285,"Under $10,000 (including loss)"
Edmonton,99090,40125,58960,"$10,000 to $19,999"
Edmonton,160645,69565,91080,"$20,000 to $29,999"
Edmonton,128455,53700,74755,"$30,000 to $39,999"
Edmonton,111945,49580,62370,"$40,000 to $49,999"
Edmonton,96120,45195,50925,"$50,000 to $59,999"
Edmonton,82555,41430,41125,"$60,000 to $69,999"
Edmonton,66815,37275,29545,"$70,000 to $79,999"
Edmonton,52410,30605,21810,"$80,000 to $89,999"
Edmonton,44640,26455,18180,"$90,000 to $99,999"
Edmonton,150670,104915,45760,"$100,000 and over"
Lloydminster,2095,815,1285,"Under $10,000 (including loss)"
Lloydminster,2340,910,1430,"$10,000 to $19,999"
Lloydminster,3445,1365,2080,"$20,000 to $29,999"
Lloydminster,3325,1305,2025,"$30,000 to $39,999"
Lloydminster,3070,1305,1770,"$40,000 to $49,999"
Lloydminster,2580,1190,1390,"$50,000 to $59,999"
Lloydminster,2040,1065,975,"$60,000 to $69,999"
Lloydminster,1675,950,725,"$70,000 to $79,999"
Lloydminster,1250,820,435,"$80,000 to $89,999"
Lloydminster,1075,680,395,"$90,000 to $99,999"
Lloydminster,3500,2750,745,"$100,000 and over"
Lloydminster (Saskatchewan part),995,420,580,"Under $10,000 (including loss)"
Lloydminster (Saskatchewan part),1115,430,690,"$10,000 to $19,999"
Lloydminster (Saskatchewan part),1545,635,905,"$20,000 to $29,999"
Lloydminster (Saskatchewan part),1590,625,960,"$30,000 to $39,999"
Lloydminster (Saskatchewan part),1570,675,895,"$40,000 to $49,999"
Lloydminster (Saskatchewan part),1315,630,685,"$50,000 to $59,999"
Lloydminster (Saskatchewan part),970,550,420,"$60,000 to $69,999"
Lloydminster (Saskatchewan part),790,475,315,"$70,000 to $79,999"
Lloydminster (Saskatchewan part),565,405,165,"$80,000 to $89,999"
Lloydminster (Saskatchewan part),470,315,155,"$90,000 to $99,999"
Lloydminster (Saskatchewan part),1165,930,235,"$100,000 and over"
Lloydminster (Alberta part),1105,400,705,"Under $10,000 (including loss)"
Lloydminster (Alberta part),1225,485,745,"$10,000 to $19,999"
Lloydminster (Alberta part),1905,730,1170,"$20,000 to $29,999"
Lloydminster (Alberta part),1735,680,1060,"$30,000 to $39,999"
Lloydminster (Alberta part),1495,630,870,"$40,000 to $49,999"
Lloydminster (Alberta part),1270,565,705,"$50,000 to $59,999"
Lloydminster (Alberta part),1070,510,555,"$60,000 to $69,999"
Lloydminster (Alberta part),880,475,405,"$70,000 to $79,999"
Lloydminster (Alberta part),685,415,275,"$80,000 to $89,999"
Lloydminster (Alberta part),605,370,235,"$90,000 to $99,999"
Lloydminster (Alberta part),2330,1820,510,"$100,000 and over"
Grande Prairie,3325,1220,2105,"Under $10,000 (including loss)"
Grande Prairie,3490,1175,2315,"$10,000 to $19,999"
Grande Prairie,6205,2355,3855,"$20,000 to $29,999"
Grande Prairie,5805,2210,3595,"$30,000 to $39,999"
Grande Prairie,4905,1995,2910,"$40,000 to $49,999"
Grande Prairie,4360,2010,2345,"$50,000 to $59,999"
Grande Prairie,3730,1925,1805,"$60,000 to $69,999"
Grande Prairie,3015,1760,1255,"$70,000 to $79,999"
Grande Prairie,2540,1665,875,"$80,000 to $89,999"
Grande Prairie,2310,1600,710,"$90,000 to $99,999"
Grande Prairie,7320,5850,1470,"$100,000 and over"
Wood Buffalo,4815,1425,3390,"Under $10,000 (including loss)"
Wood Buffalo,3445,1190,2255,"$10,000 to $19,999"
Wood Buffalo,4470,1615,2860,"$20,000 to $29,999"
Wood Buffalo,3950,1310,2640,"$30,000 to $39,999"
Wood Buffalo,3625,1315,2310,"$40,000 to $49,999"
Wood Buffalo,3165,1160,2005,"$50,000 to $59,999"
Wood Buffalo,2770,1225,1550,"$60,000 to $69,999"
Wood Buffalo,2405,1210,1200,"$70,000 to $79,999"
Wood Buffalo,2320,1255,1070,"$80,000 to $89,999"
Wood Buffalo,2225,1270,960,"$90,000 to $99,999"
Wood Buffalo,20290,15630,4655,"$100,000 and over"
Wetaskiwin,665,300,365,"Under $10,000 (including loss)"
Wetaskiwin,990,375,610,"$10,000 to $19,999"
Wetaskiwin,1880,790,1090,"$20,000 to $29,999"
Wetaskiwin,1290,530,760,"$30,000 to $39,999"
Wetaskiwin,1120,500,620,"$40,000 to $49,999"
Wetaskiwin,865,410,460,"$50,000 to $59,999"
Wetaskiwin,735,400,335,"$60,000 to $69,999"
Wetaskiwin,530,305,220,"$70,000 to $79,999"
Wetaskiwin,365,225,140,"$80,000 to $89,999"
Wetaskiwin,260,160,95,"$90,000 to $99,999"
Wetaskiwin,630,460,170,"$100,000 and over"
Cranbrook,1645,630,1015,"Under $10,000 (including loss)"
Cranbrook,2440,875,1565,"$10,000 to $19,999"
Cranbrook,3335,1340,2000,"$20,000 to $29,999"
Cranbrook,2930,1215,1715,"$30,000 to $39,999"
Cranbrook,2450,1080,1365,"$40,000 to $49,999"
Cranbrook,2050,985,1060,"$50,000 to $59,999"
Cranbrook,1530,845,680,"$60,000 to $69,999"
Cranbrook,1190,760,435,"$70,000 to $79,999"
Cranbrook,895,555,340,"$80,000 to $89,999"
Cranbrook,735,510,230,"$90,000 to $99,999"
Cranbrook,2480,1930,550,"$100,000 and over"
Nelson,1155,525,630,"Under $10,000 (including loss)"
Nelson,1820,750,1070,"$10,000 to $19,999"
Nelson,2690,1165,1530,"$20,000 to $29,999"
Nelson,2280,1030,1250,"$30,000 to $39,999"
Nelson,1795,860,935,"$40,000 to $49,999"
Nelson,1490,745,745,"$50,000 to $59,999"
Nelson,1070,570,500,"$60,000 to $69,999"
Nelson,865,485,375,"$70,000 to $79,999"
Nelson,615,385,235,"$80,000 to $89,999"
Nelson,520,275,240,"$90,000 to $99,999"
Nelson,1360,910,455,"$100,000 and over"
Trail,860,300,560,"Under $10,000 (including loss)"
Trail,1270,445,820,"$10,000 to $19,999"
Trail,1750,655,1095,"$20,000 to $29,999"
Trail,1665,740,925,"$30,000 to $39,999"
Trail,1470,690,785,"$40,000 to $49,999"
Trail,1175,630,545,"$50,000 to $59,999"
Trail,715,375,345,"$60,000 to $69,999"
Trail,555,330,230,"$70,000 to $79,999"
Trail,395,240,150,"$80,000 to $89,999"
Trail,420,280,140,"$90,000 to $99,999"
Trail,1320,1060,265,"$100,000 and over"
Penticton,2800,1140,1660,"Under $10,000 (including loss)"
Penticton,4930,1955,2975,"$10,000 to $19,999"
Penticton,7310,3080,4230,"$20,000 to $29,999"
Penticton,5825,2480,3345,"$30,000 to $39,999"
Penticton,4990,2250,2740,"$40,000 to $49,999"
Penticton,3840,1860,1980,"$50,000 to $59,999"
Penticton,2870,1570,1300,"$60,000 to $69,999"
Penticton,1935,1125,805,"$70,000 to $79,999"
Penticton,1450,850,600,"$80,000 to $89,999"
Penticton,1000,575,430,"$90,000 to $99,999"
Penticton,3040,2015,1030,"$100,000 and over"
Kelowna,13860,6005,7850,"Under $10,000 (including loss)"
Kelowna,20960,8405,12555,"$10,000 to $19,999"
Kelowna,28835,11900,16930,"$20,000 to $29,999"
Kelowna,24570,10375,14200,"$30,000 to $39,999"
Kelowna,21275,9550,11730,"$40,000 to $49,999"
Kelowna,17455,8395,9065,"$50,000 to $59,999"
Kelowna,13265,7120,6145,"$60,000 to $69,999"
Kelowna,10190,5845,4345,"$70,000 to $79,999"
Kelowna,7780,4570,3210,"$80,000 to $89,999"
Kelowna,5855,3560,2290,"$90,000 to $99,999"
Kelowna,19590,13480,6115,"$100,000 and over"
Vernon,4050,1685,2370,"Under $10,000 (including loss)"
Vernon,6755,2555,4195,"$10,000 to $19,999"
Vernon,9000,3595,5405,"$20,000 to $29,999"
Vernon,7700,3290,4410,"$30,000 to $39,999"
Vernon,6510,2930,3580,"$40,000 to $49,999"
Vernon,5150,2550,2605,"$50,000 to $59,999"
Vernon,3860,2070,1790,"$60,000 to $69,999"
Vernon,2880,1700,1185,"$70,000 to $79,999"
Vernon,2145,1315,830,"$80,000 to $89,999"
Vernon,1720,1070,650,"$90,000 to $99,999"
Vernon,5055,3560,1495,"$100,000 and over"
Salmon Arm,1155,455,700,"Under $10,000 (including loss)"
Salmon Arm,2080,770,1305,"$10,000 to $19,999"
Salmon Arm,2700,1025,1680,"$20,000 to $29,999"
Salmon Arm,2200,910,1290,"$30,000 to $39,999"
Salmon Arm,1890,835,1055,"$40,000 to $49,999"
Salmon Arm,1440,690,745,"$50,000 to $59,999"
Salmon Arm,1075,595,475,"$60,000 to $69,999"
Salmon Arm,840,520,320,"$70,000 to $79,999"
Salmon Arm,590,370,220,"$80,000 to $89,999"
Salmon Arm,445,245,200,"$90,000 to $99,999"
Salmon Arm,1225,885,340,"$100,000 and over"
Kamloops,7295,3010,4280,"Under $10,000 (including loss)"
Kamloops,10220,3960,6265,"$10,000 to $19,999"
Kamloops,13530,5555,7975,"$20,000 to $29,999"
Kamloops,11625,4890,6730,"$30,000 to $39,999"
Kamloops,10165,4435,5735,"$40,000 to $49,999"
Kamloops,8700,4145,4560,"$50,000 to $59,999"
Kamloops,6695,3625,3070,"$60,000 to $69,999"
Kamloops,5035,2915,2115,"$70,000 to $79,999"
Kamloops,4095,2515,1580,"$80,000 to $89,999"
Kamloops,3185,1985,1200,"$90,000 to $99,999"
Kamloops,10570,7835,2735,"$100,000 and over"
Chilliwack,7570,3080,4490,"Under $10,000 (including loss)"
Chilliwack,11155,4020,7140,"$10,000 to $19,999"
Chilliwack,14200,5670,8525,"$20,000 to $29,999"
Chilliwack,11780,4775,7005,"$30,000 to $39,999"
Chilliwack,10215,4660,5555,"$40,000 to $49,999"
Chilliwack,8225,4095,4125,"$50,000 to $59,999"
Chilliwack,6355,3720,2630,"$60,000 to $69,999"
Chilliwack,4775,3010,1765,"$70,000 to $79,999"
Chilliwack,3610,2400,1210,"$80,000 to $89,999"
Chilliwack,3020,2005,1020,"$90,000 to $99,999"
Chilliwack,7585,5565,2025,"$100,000 and over"
Abbotsford - Mission,13830,5880,7950,"Under $10,000 (including loss)"
Abbotsford - Mission,20100,8125,11980,"$10,000 to $19,999"
Abbotsford - Mission,25155,10295,14865,"$20,000 to $29,999"
Abbotsford - Mission,20240,8345,11900,"$30,000 to $39,999"
Abbotsford - Mission,16665,7385,9280,"$40,000 to $49,999"
Abbotsford - Mission,13960,7150,6810,"$50,000 to $59,999"
Abbotsford - Mission,10920,6305,4610,"$60,000 to $69,999"
Abbotsford - Mission,8315,5265,3050,"$70,000 to $79,999"
Abbotsford - Mission,6145,4000,2145,"$80,000 to $89,999"
Abbotsford - Mission,4585,3070,1515,"$90,000 to $99,999"
Abbotsford - Mission,12375,9100,3275,"$100,000 and over"
Vancouver,229760,100650,129105,"Under $10,000 (including loss)"
Vancouver,248480,108075,140405,"$10,000 to $19,999"
Vancouver,325665,138935,186735,"$20,000 to $29,999"
Vancouver,260250,112910,147345,"$30,000 to $39,999"
Vancouver,222385,99405,122980,"$40,000 to $49,999"
Vancouver,184935,85970,98965,"$50,000 to $59,999"
Vancouver,146880,74635,72245,"$60,000 to $69,999"
Vancouver,115620,63075,52545,"$70,000 to $79,999"
Vancouver,91245,51605,39635,"$80,000 to $89,999"
Vancouver,72940,41530,31415,"$90,000 to $99,999"
Vancouver,262520,172375,90140,"$100,000 and over"
Squamish,1330,590,735,"Under $10,000 (including loss)"
Squamish,1610,665,945,"$10,000 to $19,999"
Squamish,2170,885,1285,"$20,000 to $29,999"
Squamish,2200,965,1230,"$30,000 to $39,999"
Squamish,2075,915,1155,"$40,000 to $49,999"
Squamish,1885,900,980,"$50,000 to $59,999"
Squamish,1510,800,705,"$60,000 to $69,999"
Squamish,1325,725,600,"$70,000 to $79,999"
Squamish,1045,575,470,"$80,000 to $89,999"
Squamish,895,510,380,"$90,000 to $99,999"
Squamish,2975,2060,915,"$100,000 and over"
Victoria,24290,10945,13345,"Under $10,000 (including loss)"
Victoria,32470,13485,18985,"$10,000 to $19,999"
Victoria,46350,19055,27295,"$20,000 to $29,999"
Victoria,40875,17390,23485,"$30,000 to $39,999"
Victoria,37875,16840,21040,"$40,000 to $49,999"
Victoria,32780,14860,17920,"$50,000 to $59,999"
Victoria,26745,13425,13320,"$60,000 to $69,999"
Victoria,21285,11465,9815,"$70,000 to $79,999"
Victoria,16590,9295,7290,"$80,000 to $89,999"
Victoria,12720,7245,5475,"$90,000 to $99,999"
Victoria,37880,24205,13680,"$100,000 and over"
Ladysmith,1205,505,700,"Under $10,000 (including loss)"
Ladysmith,1560,580,980,"$10,000 to $19,999"
Ladysmith,2055,850,1205,"$20,000 to $29,999"
Ladysmith,1755,770,980,"$30,000 to $39,999"
Ladysmith,1525,685,845,"$40,000 to $49,999"
Ladysmith,1170,605,565,"$50,000 to $59,999"
Ladysmith,900,480,420,"$60,000 to $69,999"
Ladysmith,665,405,265,"$70,000 to $79,999"
Ladysmith,525,330,195,"$80,000 to $89,999"
Ladysmith,385,250,140,"$90,000 to $99,999"
Ladysmith,1060,785,275,"$100,000 and over"
Duncan,3275,1490,1790,"Under $10,000 (including loss)"
Duncan,4895,1895,3005,"$10,000 to $19,999"
Duncan,6330,2545,3780,"$20,000 to $29,999"
Duncan,5565,2450,3115,"$30,000 to $39,999"
Duncan,4670,2190,2485,"$40,000 to $49,999"
Duncan,3655,1735,1925,"$50,000 to $59,999"
Duncan,2590,1435,1160,"$60,000 to $69,999"
Duncan,2020,1150,865,"$70,000 to $79,999"
Duncan,1480,925,560,"$80,000 to $89,999"
Duncan,1115,685,430,"$90,000 to $99,999"
Duncan,2960,2035,925,"$100,000 and over"
Nanaimo,7200,3225,3975,"Under $10,000 (including loss)"
Nanaimo,11035,4525,6515,"$10,000 to $19,999"
Nanaimo,15230,6385,8845,"$20,000 to $29,999"
Nanaimo,13295,5805,7495,"$30,000 to $39,999"
Nanaimo,11620,5285,6340,"$40,000 to $49,999"
Nanaimo,8990,4245,4740,"$50,000 to $59,999"
Nanaimo,6730,3555,3180,"$60,000 to $69,999"
Nanaimo,4980,2810,2170,"$70,000 to $79,999"
Nanaimo,3790,2195,1595,"$80,000 to $89,999"
Nanaimo,2810,1695,1120,"$90,000 to $99,999"
Nanaimo,8000,5495,2510,"$100,000 and over"
Parksville,1655,645,1010,"Under $10,000 (including loss)"
Parksville,3415,1150,2265,"$10,000 to $19,999"
Parksville,4855,1865,2995,"$20,000 to $29,999"
Parksville,3955,1615,2340,"$30,000 to $39,999"
Parksville,3405,1550,1855,"$40,000 to $49,999"
Parksville,2590,1280,1315,"$50,000 to $59,999"
Parksville,1905,1085,820,"$60,000 to $69,999"
Parksville,1425,845,580,"$70,000 to $79,999"
Parksville,960,600,360,"$80,000 to $89,999"
Parksville,695,445,255,"$90,000 to $99,999"
Parksville,2105,1410,695,"$100,000 and over"
Port Alberni,1645,645,1000,"Under $10,000 (including loss)"
Port Alberni,2970,1145,1820,"$10,000 to $19,999"
Port Alberni,3770,1615,2150,"$20,000 to $29,999"
Port Alberni,3295,1630,1670,"$30,000 to $39,999"
Port Alberni,2580,1250,1330,"$40,000 to $49,999"
Port Alberni,1960,990,970,"$50,000 to $59,999"
Port Alberni,1465,820,640,"$60,000 to $69,999"
Port Alberni,1030,640,395,"$70,000 to $79,999"
Port Alberni,785,510,275,"$80,000 to $89,999"
Port Alberni,525,330,190,"$90,000 to $99,999"
Port Alberni,1235,895,335,"$100,000 and over"
Courtenay,3780,1495,2290,"Under $10,000 (including loss)"
Courtenay,6170,2225,3945,"$10,000 to $19,999"
Courtenay,8525,3290,5240,"$20,000 to $29,999"
Courtenay,7510,3135,4380,"$30,000 to $39,999"
Courtenay,6310,2895,3420,"$40,000 to $49,999"
Courtenay,5055,2485,2570,"$50,000 to $59,999"
Courtenay,3880,2180,1705,"$60,000 to $69,999"
Courtenay,3015,1805,1210,"$70,000 to $79,999"
Courtenay,2085,1260,825,"$80,000 to $89,999"
Courtenay,1540,950,590,"$90,000 to $99,999"
Courtenay,4280,3005,1280,"$100,000 and over"
Campbell River,2380,960,1425,"Under $10,000 (including loss)"
Campbell River,4010,1525,2485,"$10,000 to $19,999"
Campbell River,5345,2180,3165,"$20,000 to $29,999"
Campbell River,4805,2120,2685,"$30,000 to $39,999"
Campbell River,4100,1840,2265,"$40,000 to $49,999"
Campbell River,3165,1565,1605,"$50,000 to $59,999"
Campbell River,2250,1275,980,"$60,000 to $69,999"
Campbell River,1875,1140,735,"$70,000 to $79,999"
Campbell River,1300,800,500,"$80,000 to $89,999"
Campbell River,1045,680,365,"$90,000 to $99,999"
Campbell River,2910,2190,720,"$100,000 and over"
Powell River,1195,450,750,"Under $10,000 (including loss)"
Powell River,1995,775,1220,"$10,000 to $19,999"
Powell River,2695,1080,1610,"$20,000 to $29,999"
Powell River,2375,1110,1265,"$30,000 to $39,999"
Powell River,1860,940,920,"$40,000 to $49,999"
Powell River,1440,770,670,"$50,000 to $59,999"
Powell River,975,550,425,"$60,000 to $69,999"
Powell River,630,380,255,"$70,000 to $79,999"
Powell River,470,295,170,"$80,000 to $89,999"
Powell River,365,215,150,"$90,000 to $99,999"
Powell River,925,630,295,"$100,000 and over"
Williams Lake,1720,710,1005,"Under $10,000 (including loss)"
Williams Lake,2290,855,1440,"$10,000 to $19,999"
Williams Lake,2870,1185,1685,"$20,000 to $29,999"
Williams Lake,2465,1040,1425,"$30,000 to $39,999"
Williams Lake,2110,930,1180,"$40,000 to $49,999"
Williams Lake,1620,795,820,"$50,000 to $59,999"
Williams Lake,1305,735,575,"$60,000 to $69,999"
Williams Lake,1095,725,370,"$70,000 to $79,999"
Williams Lake,880,565,310,"$80,000 to $89,999"
Williams Lake,640,455,185,"$90,000 to $99,999"
Williams Lake,1910,1500,405,"$100,000 and over"
Quesnel,1685,605,1075,"Under $10,000 (including loss)"
Quesnel,2490,955,1540,"$10,000 to $19,999"
Quesnel,3180,1340,1840,"$20,000 to $29,999"
Quesnel,2585,1210,1380,"$30,000 to $39,999"
Quesnel,2005,885,1120,"$40,000 to $49,999"
Quesnel,1425,710,715,"$50,000 to $59,999"
Quesnel,1115,620,495,"$60,000 to $69,999"
Quesnel,990,645,345,"$70,000 to $79,999"
Quesnel,750,520,230,"$80,000 to $89,999"
Quesnel,600,415,180,"$90,000 to $99,999"
Quesnel,1780,1440,345,"$100,000 and over"
Prince Rupert,1010,475,535,"Under $10,000 (including loss)"
Prince Rupert,1180,530,650,"$10,000 to $19,999"
Prince Rupert,1515,670,840,"$20,000 to $29,999"
Prince Rupert,1220,550,675,"$30,000 to $39,999"
Prince Rupert,1045,485,560,"$40,000 to $49,999"
Prince Rupert,880,380,500,"$50,000 to $59,999"
Prince Rupert,715,350,365,"$60,000 to $69,999"
Prince Rupert,525,295,230,"$70,000 to $79,999"
Prince Rupert,485,255,225,"$80,000 to $89,999"
Prince Rupert,415,260,155,"$90,000 to $99,999"
Prince Rupert,1680,1280,400,"$100,000 and over"
Terrace,1235,515,720,"Under $10,000 (including loss)"
Terrace,1655,700,955,"$10,000 to $19,999"
Terrace,2130,905,1230,"$20,000 to $29,999"
Terrace,1900,840,1065,"$30,000 to $39,999"
Terrace,1695,700,995,"$40,000 to $49,999"
Terrace,1460,665,790,"$50,000 to $59,999"
Terrace,1140,605,535,"$60,000 to $69,999"
Terrace,900,520,380,"$70,000 to $79,999"
Terrace,755,470,290,"$80,000 to $89,999"
Terrace,605,400,200,"$90,000 to $99,999"
Terrace,1925,1460,460,"$100,000 and over"
Prince George,5595,2235,3360,"Under $10,000 (including loss)"
Prince George,7255,2825,4430,"$10,000 to $19,999"
Prince George,9515,3860,5650,"$20,000 to $29,999"
Prince George,8630,3600,5025,"$30,000 to $39,999"
Prince George,7785,3300,4485,"$40,000 to $49,999"
Prince George,6715,3035,3680,"$50,000 to $59,999"
Prince George,5350,2745,2605,"$60,000 to $69,999"
Prince George,4470,2595,1875,"$70,000 to $79,999"
Prince George,3535,2295,1245,"$80,000 to $89,999"
Prince George,2985,2035,950,"$90,000 to $99,999"
Prince George,8765,6560,2210,"$100,000 and over"
Dawson Creek,1045,405,635,"Under $10,000 (including loss)"
Dawson Creek,1415,550,860,"$10,000 to $19,999"
Dawson Creek,1905,740,1165,"$20,000 to $29,999"
Dawson Creek,1695,640,1055,"$30,000 to $39,999"
Dawson Creek,1455,625,830,"$40,000 to $49,999"
Dawson Creek,1240,550,690,"$50,000 to $59,999"
Dawson Creek,1010,505,505,"$60,000 to $69,999"
Dawson Creek,810,505,305,"$70,000 to $79,999"
Dawson Creek,685,455,225,"$80,000 to $89,999"
Dawson Creek,520,325,195,"$90,000 to $99,999"
Dawson Creek,1800,1430,365,"$100,000 and over"
Fort St. John,1900,660,1240,"Under $10,000 (including loss)"
Fort St. John,1755,600,1155,"$10,000 to $19,999"
Fort St. John,2415,875,1535,"$20,000 to $29,999"
Fort St. John,2160,815,1345,"$30,000 to $39,999"
Fort St. John,2115,835,1280,"$40,000 to $49,999"
Fort St. John,1845,845,1005,"$50,000 to $59,999"
Fort St. John,1640,845,795,"$60,000 to $69,999"
Fort St. John,1345,820,530,"$70,000 to $79,999"
Fort St. John,1185,785,395,"$80,000 to $89,999"
Fort St. John,1085,755,325,"$90,000 to $99,999"
Fort St. John,4050,3310,735,"$100,000 and over"
Whitehorse,1480,735,750,"Under $10,000 (including loss)"
Whitehorse,1790,875,910,"$10,000 to $19,999"
Whitehorse,2710,1240,1470,"$20,000 to $29,999"
Whitehorse,2525,1140,1385,"$30,000 to $39,999"
Whitehorse,2320,1110,1215,"$40,000 to $49,999"
Whitehorse,2070,970,1095,"$50,000 to $59,999"
Whitehorse,2045,945,1105,"$60,000 to $69,999"
Whitehorse,2095,920,1175,"$70,000 to $79,999"
Whitehorse,1845,840,1005,"$80,000 to $89,999"
Whitehorse,1685,835,850,"$90,000 to $99,999"
Whitehorse,4585,2630,1955,"$100,000 and over"
Yellowknife,1435,685,750,"Under $10,000 (including loss)"
Yellowknife,855,390,460,"$10,000 to $19,999"
Yellowknife,1195,565,625,"$20,000 to $29,999"
Yellowknife,1110,470,635,"$30,000 to $39,999"
Yellowknife,1085,505,575,"$40,000 to $49,999"
Yellowknife,1020,460,560,"$50,000 to $59,999"
Yellowknife,940,450,485,"$60,000 to $69,999"
Yellowknife,1040,510,535,"$70,000 to $79,999"
Yellowknife,940,410,530,"$80,000 to $89,999"
Yellowknife,945,475,475,"$90,000 to $99,999"
Yellowknife,5135,2850,2285,"$100,000 and over"
